title,slug,date,old_url,bucket,quality_score,word_count,comment_count,categories,tags
¿Qué es la innovación ?,¿que-es-la-innovacion,2007-03-16,/2007/03/16/%c2%bfque-es-la-innovacion/,C,,234,1,Tecnología,
Diagrama de la innovación,8,2007-03-16,/2007/03/16/8/,C,1,41,,Tecnología,
Realidad Española en uso de las TIC,realidad-espanola-en-uso-de-las-tic,2007-03-16,/2007/03/16/realidad-espanola-en-uso-de-las-tic/,C,1,73,,Tecnología,
Gasto total I+D por habitante en España,gasto-total-id-por-habitante-en-espana,2007-03-16,/2007/03/16/gasto-total-id-por-habitante-en-espana/,C,1,57,2,Tecnología,
Morirme??,morirme,2007-03-16,/2007/03/16/morirme/,C,,19,,Citas,
Las patentes en España,las-patentes-en-espana,2007-03-17,/2007/03/17/las-patentes-en-espana/,C,1,167,,Tecnología,
Factores Activos y Pasivos de una empresa,factores-activos-y-pasivos-de-una-empresa,2007-03-19,/2007/03/19/factores-activos-y-pasivos-de-una-empresa/,C,1,235,5,Empresa,
La nueva empresa,la-nueva-empresa,2007-03-19,/2007/03/19/la-nueva-empresa/,C,,167,,Empresa,
El tamaño de las empresas,el-tamano-de-las-empresas,2007-03-19,/2007/03/19/el-tamano-de-las-empresas/,C,,56,,Empresa,
Los estilos directivos,los-estilos-directivos,2007-03-19,/2007/03/19/los-estilos-directivos/,C,,37,,Empresa,
Los RRHH del futuro,los-rrhh-del-futuro,2007-03-19,/2007/03/19/los-rrhh-del-futuro/,C,,248,2,Empresa,
La cita,la-cita,2007-03-19,/2007/03/19/la-cita/,C,,20,,Citas,
La estrategía de las empresas tecnológicas,la-estrategia-de-las-empresas-tecnologicas,2007-03-19,/2007/03/19/la-estrategia-de-las-empresas-tecnologicas/,C,,89,,Tecnología,
¿ Por qué hay que tener blog ?,¿-por-que-los-lideres-tienen-que-tener-blog,2007-03-19,/2007/03/19/%c2%bf-por-que-los-lideres-tienen-que-tener-blog/,C,,187,,Tecnología,
“El éxito es algo tan sencillo como que tu madre te quiera y esté orgullosa de ti”.,“el-exito-es-algo-tan-sencillo-como-que-tu-madre-te-quiera-y-este-orgullosa-de-ti”,2007-03-19,/2007/03/19/%e2%80%9cel-exito-es-algo-tan-sencillo-como-que-tu-madre-te-quiera-y-este-orgullosa-de-ti%e2%80%9d/,C,,236,,Empresa; Tecnología,
Linus Torvalds y el Software libre,linus-torvalds-y-el-software-libre,2007-03-23,/2007/03/23/linus-torvalds-y-el-software-libre/,C,,307,1,Floss,
Velneo Conference 2006,velneo-conference-2006,2007-03-23,/2007/03/23/velneo-conference-2006/,C,,7,,Velneo,
Que necesita una empresa ?,que-necesita-una-empresa,2007-03-25,/2007/03/25/que-necesita-una-empresa/,C,,20,,Citas; Empresa,
Velneo. ¿Moda o Tendencia?,velneo-¿moda-o-tendencia,2007-03-25,/2007/03/25/velneo-%c2%bfmoda-o-tendencia/,C,,233,1,Empresa; Floss; Tecnología; Velneo,
Software libre = compartir conocimiento,software-libre-compartir-conocimiento-pero-distinto-de-gratis,2007-03-27,/2007/03/27/software-libre-compartir-conocimiento-pero-distinto-de-gratis/,C,,220,1,Empresa; Floss; Tecnología; Velneo,
"Innovación, aplicación / uso TIC y la competitividad.",innovacion-aplicacion-uso-tic-y-la-competitividad,2007-03-27,/2007/03/27/innovacion-aplicacion-uso-tic-y-la-competitividad/,C,1,190,,Empresa; Tecnología,
Exportaciones de Tecnología,exportaciones-de-tecnologia,2007-03-27,/2007/03/27/exportaciones-de-tecnologia/,C,1,96,,Tecnología,
Índice de crecimiento de la competitividad.,33-indice-de-crecimiento-de-la-competitividad,2007-03-29,/2007/03/29/33-indice-de-crecimiento-de-la-competitividad/,C,,95,,Tecnología,
El poder de decidir ¿decidimos?,el-poder-de-decidir-¿decidimos,2007-03-30,/2007/03/30/el-poder-de-decidir-%c2%bfdecidimos/,C,,208,,Empresa,
Medir la competitividad,medir-la-competitividad,2007-03-31,/2007/03/31/medir-la-competitividad/,C,,73,1,Empresa; Tecnología,
IMD World Competitiveness Yearbook 2006,imd-world-competitiveness-yearbook-2006,2007-03-31,/2007/03/31/imd-world-competitiveness-yearbook-2006/,C,1,212,,Tecnología,
IMD World Competitiveness Yearbook 2006 (variaciones),imd-world-competitiveness-yearbook-2006-variaciones,2007-03-31,/2007/03/31/imd-world-competitiveness-yearbook-2006-variaciones/,C,1,75,,Empresa; Tecnología,
El poder del fracaso.,el-poder-del-fracaso,2007-04-02,/2007/04/02/el-poder-del-fracaso/,C,1,321,3,Empresa,
"Inversión privada, publica y formación",inversion-privada-publica-y-formacion,2007-04-03,/2007/04/03/inversion-privada-publica-y-formacion/,C,,98,,Empresa; Tecnología,
Indicadores sobre innovación,indicadores-sobre-innovacion,2007-04-04,/2007/04/04/indicadores-sobre-innovacion/,C,1,175,,Tecnología,
El poder del tiempo,el-poder-del-tiempo,2007-04-08,/2007/04/08/el-poder-del-tiempo/,C,1,281,,Empresa; Tecnología,
Las constructoras españolas arrasan en Irlanda,las-constructoras-espanolas-arrasan-en-irlanda,2007-04-09,/2007/04/09/las-constructoras-espanolas-arrasan-en-irlanda/,C,,75,,Empresa; Tecnología,
La importancia de RRHH en la empresa Tecnológica,la-importancia-de-rrhh-en-la-empresa-tecnologica,2007-04-10,/2007/04/10/la-importancia-de-rrhh-en-la-empresa-tecnologica/,C,1,345,,Empresa; Tecnología,
LibreMeeting 2007,libremeeting-2007,2007-04-10,/2007/04/10/libremeeting-2007/,C,,75,1,Floss; Tecnología,
Por qué debemos rotar en los puestos?,por-que-debemos-rotar-en-los-puestos,2007-04-11,/2007/04/11/por-que-debemos-rotar-en-los-puestos/,C,,19,,Citas,
Innovación vs Diversidad,innovacion-vs-diversidad,2007-04-11,/2007/04/11/innovacion-vs-diversidad/,C,,34,,Citas; Tecnología,
Para vivir asi.....,para-vivir-asi,2007-04-11,/2007/04/11/para-vivir-asi/,C,,24,,Citas,
"Las 3I  (Irlanda, India e Israel )",las-3-i-irlanda-india-e-israel,2007-04-12,/2007/04/12/las-3-i-irlanda-india-e-israel/,C,1,369,,Empresa; Tecnología,
El poder de la ejecución.,el-poder-de-la-ejecucion,2007-04-13,/2007/04/13/el-poder-de-la-ejecucion/,C,1,247,,Empresa; Tecnología,
Las claves para trabajar en Equipo,las-claves-para-trabajar-en-equipo,2007-04-16,/2007/04/16/las-claves-para-trabajar-en-equipo/,C,1,96,,Empresa; Personas,
Linux World Conference,linux-world-conference,2007-04-17,/2007/04/17/linux-world-conference/,C,1,61,,Tecnología,
Llegada a Linux World,linux-world,2007-04-18,/2007/04/18/linux-world/,C,1,387,,Floss; Tecnología,
Implantación de Software Libre ayuntamiento Zaragoza,implantacion-de-software-libre-ayuntamiento-zaragoza,2007-04-18,/2007/04/18/implantacion-de-software-libre-ayuntamiento-zaragoza/,C,1,447,,Empresa; Floss; Tecnología,
Evaluación de la usabilidad en sistemas de información Web,evaluación-de-la-usabilidad-en-sistemas-de-informacion,2007-04-19,/2007/04/19/evaluacio%cc%81n-de-la-usabilidad-en-sistemas-de-informacion/,C,1,283,,Empresa; Tecnología,
Conclusiones del Evento Linux World,conclusiones-del-evento-linux-world,2007-04-19,/2007/04/19/conclusiones-del-evento-linux-world/,C,2,638,1,Floss,
Modelo de negocio del software Libre (FLOSS),model-de-negocio-del-software-libre-floss,2007-04-19,/2007/04/19/model-de-negocio-del-software-libre-floss/,C,1,97,,Floss,
¿Por qué la empatía?,¿por-que-la-empatia,2007-04-22,/2007/04/22/%c2%bfpor-que-la-empatia/,C,1,142,1,Empresa; Personas; Tecnología,
El poder de la fe,el-poder-de-la-fe,2007-04-24,/2007/04/24/el-poder-de-la-fe/,C,1,219,,Empresa; Personas,
World Economic Forum Anual Meeting,world-economic-forum-anual-meeting,2007-04-25,/2007/04/25/world-economic-forum-anual-meeting/,C,1,229,1,Empresa; Tecnología,
Renta per capita vs felicidad,renta-per-capita-vs-felicidad,2007-04-26,/2007/04/26/renta-per-capita-vs-felicidad/,C,1,97,,Citas; Personas,
¿Qué es la estrategia funcional?,¿que-es-la-estrategia-funcional,2007-04-26,/2007/04/26/%c2%bfque-es-la-estrategia-funcional/,C,2,266,15,Empresa; Tecnología,
Carta de Bill Gates en favor del software propietario,carta-de-bill-gates-en-favor-del-software-propietario,2007-04-27,/2007/04/27/carta-de-bill-gates-en-favor-del-software-propietario/,B,3,621,3,Floss; Tecnología,
Definición de Auto-Regulación,definicion-de-auto-regulacion,2007-04-28,/2007/04/28/definicion-de-auto-regulacion/,C,2,127,24,Tecnología,
El avance de la tecnología,el-avance-de-la-tecnologia,2007-04-29,/2007/04/29/el-avance-de-la-tecnologia/,C,1,208,,Tecnología,
India y China ¿los dragones dormidos?,india-y-china-¿los-dragones-dormidos,2007-04-30,/2007/04/30/india-y-china-%c2%bflos-dragones-dormidos/,C,1,373,,Empresa,
¿Qué es un proceso?,¿que-es-un-proceso,2007-05-01,/2007/05/01/%c2%bfque-es-un-proceso/,C,,182,1,Tecnología,
¿Cuales son las 5 fuerzas de porter ?,¿cuales-son-las-5-fuerzas-de-porter,2007-05-03,/2007/05/03/%c2%bfcuales-son-las-5-fuerzas-de-porter/,C,1,437,,Empresa,
Decisiones difíciles. El poder decidir,decisiones-dificiles-el-poder-decidir,2007-05-03,/2007/05/03/decisiones-dificiles-el-poder-decidir/,C,2,251,4,Empresa,
¿ Es importante el contrato psicológico con un trabajador ?,¿-es-importante-el-contrato-psicologico-con-un-trabajador,2007-05-04,/2007/05/04/%c2%bf-es-importante-el-contrato-psicologico-con-un-trabajador/,C,1,357,,Empresa; Personas,
¿Qué es la cultura de empresa ?,¿que-es-la-cultura-de-empresa,2007-05-06,/2007/05/06/%c2%bfque-es-la-cultura-de-empresa/,C,2,105,3,Empresa; Personas,
Las empresas y los blogs personales,las-empresas-y-los-blogs-personales,2007-05-06,/2007/05/06/las-empresas-y-los-blogs-personales/,C,1,286,,Tecnología,
Los Problemas de innovación en España,problemas-innovacion-en-espana,2007-05-07,/2007/05/07/problemas-innovacion-en-espana/,C,1,369,,Tecnología,
Medidas para mejorar los indicadores de innovación en España,medidas-para-mejorar-los-indicadores-de-innovacion-en-espana,2007-05-08,/2007/05/08/medidas-para-mejorar-los-indicadores-de-innovacion-en-espana/,C,1,194,,Empresa; Tecnología,
El blog y las photos,el-blog-y-las-photos,2007-05-08,/2007/05/08/el-blog-y-las-photos/,C,1,97,,Tecnología,
Las recetas de cocina y el software libre,las-recetas-de-cocina-y-el-software-libre,2007-05-09,/2007/05/09/las-recetas-de-cocina-y-el-software-libre/,C,1,96,5,Empresa; Floss,
"LibreMeeting 2007 , las conclusiones.",libremeeting-2007-las-conclusiones,2007-05-13,/2007/05/13/libremeeting-2007-las-conclusiones/,C,1,265,,Floss,
Notas de la mesa de Filosofía sobre conocimiento Libre (libremeeting 2007),notas-de-la-mesa-de-filosofia-sobre-conocimiento-libre-libremeeting-2007,2007-05-13,/2007/05/13/notas-de-la-mesa-de-filosofia-sobre-conocimiento-libre-libremeeting-2007/,C,2,999,,Floss,
Medios de Comunicación y Conocimiento Libre (libremeeting 2007),medios-de-comunicacion-y-conocimiento-libre-libremeeting-2007,2007-05-13,/2007/05/13/medios-de-comunicacion-y-conocimiento-libre-libremeeting-2007/,C,1,104,,Floss,
Conferencia Richard Stallman en LibreMeeting 2007,conferencia-richard-stallaman-en-libre-metting-2007,2007-05-13,/2007/05/13/conferencia-richard-stallaman-en-libre-metting-2007/,C,2,543,,Floss,
Dia 2 Libremeeting 2007. Introducción,dia-2-libremeeting-2007-introduccion,2007-05-13,/2007/05/13/dia-2-libremeeting-2007-introduccion/,C,1,111,,Floss,
Izquierda Unida  y el Conocimiento Libre (libremeeting 2007),izquierda-unida-y-el-conocimiento-libre-libremeeting-2007,2007-05-13,/2007/05/13/izquierda-unida-y-el-conocimiento-libre-libremeeting-2007/,C,1,201,,Floss,
"PSOE , software libre y conocimiento libre. (libremeeting 2007)",psoe-software-libre-y-conocimiento-libre-libremeeting-2007,2007-05-13,/2007/05/13/psoe-software-libre-y-conocimiento-libre-libremeeting-2007/,C,1,369,,Floss,
Susan George en la Libremeeting 2007,susan-george-en-la-libremeeting-2007,2007-05-13,/2007/05/13/susan-george-en-la-libremeeting-2007/,C,2,907,2,Floss,
Richard Stallman 2º intervención en Libremeeting 2007,richard-stallaman-2º-intervencion-en-libremeeting-2007,2007-05-13,/2007/05/13/richard-stallaman-2%c2%ba-intervencion-en-libremeeting-2007/,C,1,231,,Floss,
Software Libre en Japón vs Microsoft,software-libre-en-japon-vs-microsoft,2007-05-14,/2007/05/14/software-libre-en-japon-vs-microsoft/,C,1,316,,Floss,
"¿ Por Qué ser lider, responsable, jefe....?",¿-por-que-ser-lider-responsable-jefe,2007-05-16,/2007/05/16/%c2%bf-por-que-ser-lider-responsable-jefe/,B,3,631,6,Empresa; Personas,
Microsoft tiene miedo?????,microsoft-tiene-miedo,2007-05-16,/2007/05/16/microsoft-tiene-miedo/,C,2,310,29,Floss,
Datos sobre los Blogs,datos-sobre-los-blogs,2007-05-17,/2007/05/17/datos-sobre-los-blogs/,C,1,55,,Empresa; Tecnología,
Crítica y Enfado,critica-y-enfado,2007-05-18,/2007/05/18/critica-y-enfado/,C,1,168,,Citas; Personas,
La gente no quiere pagar por.....,la-gente-no-quiere-pagar-por,2007-05-18,/2007/05/18/la-gente-no-quiere-pagar-por/,C,2,362,6,Floss,
"La publicidad on-line, Google y Youtube",la-publicidad-on-line-google-y-youtube,2007-05-19,/2007/05/19/la-publicidad-on-line-google-y-youtube/,C,1,272,2,Empresa; Tecnología,
¿Por qué marcharse?,¿por-que-marcharse,2007-05-21,/2007/05/21/%c2%bfpor-que-marcharse/,C,2,159,3,Empresa; Personas,
Linux VS Windows gracias a Menéame,linux-vs-windows-gracias-a-meneame,2007-05-22,/2007/05/22/linux-vs-windows-gracias-a-meneame/,C,,186,,Floss; Tecnología,
Wii vs Playstation 3,wii-vs-playstation-3,2007-05-25,/2007/05/25/wii-vs-playstation-3/,C,,16,1,Tecnología,
La SGAE y su canon,la-sgae-y-su-canon,2007-05-25,/2007/05/25/la-sgae-y-su-canon/,B,3,672,13,Floss; Tecnología,
Vista y Explorer,vista-y-explorer,2007-05-28,/2007/05/28/vista-y-explorer/,C,1,137,,Tecnología,
Linux kernel management style,linux-kernel-management-style,2007-05-28,/2007/05/28/linux-kernel-management-style/,B,3,2465,2,Floss; Tecnología,
Ken Blanchard - Liderazgo- Cita,ken-blanchard-liderazgo-cita,2007-05-28,/2007/05/28/ken-blanchard-liderazgo-cita/,C,1,85,2,Citas; Personas,
¿Qué es la misión de una empresa?,¿que-es-la-mision-de-una-empresa,2007-05-31,/2007/05/31/%c2%bfque-es-la-mision-de-una-empresa/,B,3,993,15,Empresa,
Se está acabando el canon??,se-esta-acabando-el-canon,2007-06-03,/2007/06/03/se-esta-acabando-el-canon/,C,1,159,,Tecnología,
¿Por qué preguntar?,171,2007-06-05,/2007/06/05/171/,C,1,233,,Empresa; Personas,
Por fin irlanda...,por-fin-irlanda,2007-06-05,/2007/06/05/por-fin-irlanda/,C,1,143,2,Empresa,
Si no trabajas.....,si-no-trabajas,2007-06-05,/2007/06/05/si-no-trabajas/,C,,15,,Citas,
Esa droga llamada Internet,esa-droga-llamada-internet,2007-06-07,/2007/06/07/esa-droga-llamada-internet/,C,2,267,5,Citas,
Internet es real.,internet-es-real,2007-06-07,/2007/06/07/internet-es-real/,C,2,31,,Citas,
"Galway, bonita ciudad.",galway-bonita-ciudad,2007-06-09,/2007/06/09/galway-bonita-ciudad/,C,2,996,1,Citas,
Por fin para Limerick,por-fin-para-limerick,2007-06-09,/2007/06/09/por-fin-para-limerick/,C,1,177,,Floss; Viajes,
El modelo de negocio de Apple,el-modelo-de-negocio-de-apple,2007-06-09,/2007/06/09/el-modelo-de-negocio-de-apple/,C,1,39,1,Tecnología,
Mirar el futuro,mirar-el-futuro,2007-06-09,/2007/06/09/mirar-el-futuro/,C,1,91,,Empresa; Tecnología,
La innovación y los artistas.,la-innovacion-y-los-artistas,2007-06-09,/2007/06/09/la-innovacion-y-los-artistas/,C,1,224,1,Tecnología,
Los programadores son un manojo de quejicas,los-programadores-son-un-manojo-de-quejicas,2007-06-09,/2007/06/09/los-programadores-son-un-manojo-de-quejicas/,C,1,161,,Empresa; Tecnología,
El futuro,el-futuro,2007-06-09,/2007/06/09/el-futuro/,C,,11,2,Citas,
OSS en Universidad de Limerick,oss-en-universidad-de-limerick,2007-06-11,/2007/06/11/oss-en-universidad-de-limerick/,C,1,217,,Floss,
OSS/07  - ¿A quién protege el Copyright?,oss07-¿a-quien-protege-el-copyright,2007-06-12,/2007/06/12/oss07-%c2%bfa-quien-protege-el-copyright/,C,2,215,5,Floss,
OSS/07 - ¿Por qué las Wikis en las empresas?,oss07-¿por-que-las-wikis-en-las-empresas,2007-06-12,/2007/06/12/oss07-%c2%bfpor-que-las-wikis-en-las-empresas/,C,1,148,2,Floss,
OSS/07 . ¿ Se impone el  término FLOSS / OSS dentro del Software Libre?,oss07-¿-se-impone-el-termino-floss-oss-dentro-del-software-libre,2007-06-12,/2007/06/12/oss07-%c2%bf-se-impone-el-termino-floss-oss-dentro-del-software-libre/,C,1,225,1,Floss,
Los RRHH en Telefónica.,los-rrhh-en-telefonica,2007-06-19,/2007/06/19/los-rrhh-en-telefonica/,C,2,573,,Personas,
Fórmula de Wilson,formula-de-wilson,2007-06-19,/2007/06/19/formula-de-wilson/,C,2,809,,Empresa,
"Ejemplos de Input, Output y actividades.",ejemplos-de-input-output-y-actividades,2007-06-23,/2007/06/23/ejemplos-de-input-output-y-actividades/,B,4,937,12,Empresa,
Las tiendas Outlet.,las-tiendas-outlet,2007-06-23,/2007/06/23/las-tiendas-outlet/,C,1,462,1,Tecnología,
Segmentación o posicionamiento ??,segmentacion-o-posicionamiento,2007-06-23,/2007/06/23/segmentacion-o-posicionamiento/,C,2,197,4,Empresa,
¿Cómo elegir una plataforma libre para hacer una Web?,¿como-elegir-una-plataforma-libre-para-hacer-una-web,2007-06-26,/2007/06/26/%c2%bfcomo-elegir-una-plataforma-libre-para-hacer-una-web/,B,3,855,4,Floss; Tecnología,
La empresa tecnológica moderna,la-empresa-tecnologica-moderna,2007-06-28,/2007/06/28/la-empresa-tecnologica-moderna/,C,1,247,2,Personas,
Sociedad industrial vs Sociedad Conocimiento.,sociedad-industrial-vs-sociedad-conocimiento,2007-06-29,/2007/06/29/sociedad-industrial-vs-sociedad-conocimiento/,C,1,180,,Empresa; Personas,
¿Por qué cada país es diferente?,¿por-que-cada-pais-es-diferente,2007-07-03,/2007/07/03/%c2%bfpor-que-cada-pais-es-diferente/,C,1,155,1,Personas,
¿Fondos propios o fondos ajenos?,¿fondos-propios-o-fondos-ajenos,2007-07-03,/2007/07/03/%c2%bffondos-propios-o-fondos-ajenos/,C,1,340,1,Empresa,
¿Qué tipos de crecimiento ha seguido TELEFONICA en los últimos años?,¿que-tipos-de-crecimiento-ha-seguido-telefonica-en-los-ultimos-anos,2007-07-04,/2007/07/04/%c2%bfque-tipos-de-crecimiento-ha-seguido-telefonica-en-los-ultimos-anos/,C,1,301,,Empresa,
Marketing MiX de Telefónica,marketing-mix-de-telefonica,2007-07-05,/2007/07/05/marketing-mix-de-telefonica/,C,2,638,,Empresa,
¿ Por qué la inteligencia Emocional ?,¿-por-que-la-inteligencia-emocional,2007-07-06,/2007/07/06/%c2%bf-por-que-la-inteligencia-emocional/,C,1,129,2,Empresa; Personas; Tecnología,
¿ Por qué la motivación ?,¿-por-que-la-motivacion,2007-07-07,/2007/07/07/%c2%bf-por-que-la-motivacion/,C,1,122,,Personas,
Las noticias en la página principal de Velneo,las-noticias-en-la-pagina-principal,2007-07-08,/2007/07/08/las-noticias-en-la-pagina-principal/,C,1,244,,Velneo,
Conocerse a uno mismo.,conocerse-a-uno-mismo,2007-07-09,/2007/07/09/conocerse-a-uno-mismo/,C,2,126,3,Personas,
Saber relacionarse,saber-relacionarse,2007-07-10,/2007/07/10/saber-relacionarse/,C,1,180,2,Tecnología,
¿Por qué  la comunicación?,el-poder-de-la-comunicacion,2007-07-12,/2007/07/12/el-poder-de-la-comunicacion/,C,2,987,,Personas,
¿Que es un blog?,¿que-es-un-blog,2007-07-14,/2007/07/14/%c2%bfque-es-un-blog/,C,1,446,,Tecnología,
Elementos del Blog,elementos-del-blog,2007-07-15,/2007/07/15/elementos-del-blog/,C,1,436,1,Empresa; Tecnología,
Cursos en la UOC,cursos-en-la-uoc,2007-07-15,/2007/07/15/cursos-en-la-uoc/,C,2,98,7,Tecnología,
Características de un blog.,caracteristicas-de-un-blog,2007-07-16,/2007/07/16/caracteristicas-de-un-blog/,B,3,859,15,Empresa; Tecnología,
El poder del cambio.,el-poder-del-cambio,2007-07-19,/2007/07/19/el-poder-del-cambio/,C,1,222,1,Empresa; Personas,
Cork y la UCC,cork-y-la-ucc,2007-07-21,/2007/07/21/cork-y-la-ucc/,C,1,256,1,Viajes,
Libertad y Justicia,libertad-y-justicia,2007-07-22,/2007/07/22/libertad-y-justicia/,C,1,265,1,Floss,
Presentaciones On-Line,presentaciones-on-line,2007-07-23,/2007/07/23/presentaciones-on-line/,C,1,160,4,Tecnología,
Limerick VS Cork,limerick-vs-cork,2007-07-23,/2007/07/23/limerick-vs-cork/,C,1,362,3,Tecnología,
Viaje a Lyon,viaje-a-lyon,2007-07-31,/2007/07/31/viaje-a-lyon/,C,1,155,2,Viajes,
Second Life,second-life,2007-07-31,/2007/07/31/second-life/,B,3,566,5,Tecnología,
Blog cerrado por vacaciones,blog-cerrado-por-vacaciones,2007-08-08,/2007/08/08/blog-cerrado-por-vacaciones/,C,1,,,Tecnología,
Historia de Velneo V7,historia-de-v7,2007-08-20,/2007/08/20/historia-de-v7/,B,4,3152,17,Velneo,
Tipología de Blogs,tipologia-de-blogs,2007-08-24,/2007/08/24/tipologia-de-blogs/,C,2,973,2,Tecnología,
¿ Qué es la moda ?,¿-que-es-la-moda,2007-08-26,/2007/08/26/%c2%bf-que-es-la-moda/,C,1,376,,Empresa,
¿ Cuál es la historía de los Blogs ?,¿-cual-es-la-historia-de-los-blogs,2007-08-29,/2007/08/29/%c2%bf-cual-es-la-historia-de-los-blogs/,C,2,911,2,Tecnología,
La web 2.0 y la comunicación en las empresas,la-web-20-y-la-comunicacion-en-las-empresas,2007-08-31,/2007/08/31/la-web-20-y-la-comunicacion-en-las-empresas/,C,2,516,1,Empresa,
Microsoft y el estandard,microsoft-y-el-estandard,2007-09-04,/2007/09/04/microsoft-y-el-estandard/,C,1,213,1,Empresa,
Lo que encontré en el pasado.,lo-que-encontre-en-el-pasado,2007-09-10,/2007/09/10/lo-que-encontre-en-el-pasado/,C,1,215,,Empresa,
Vigo-Madrid-Shannon-Limerick-Dublín.,vigo-madrid-shannon-limerick-dublin,2007-09-11,/2007/09/11/vigo-madrid-shannon-limerick-dublin/,C,2,271,3,Viajes,
Dublín-Shannon-Limerick,dublin-shannon-limerick,2007-09-12,/2007/09/12/dublin-shannon-limerick/,C,2,257,6,Viajes,
Velneo+Comunidad = El Oracle de la Pyme,velneocomunidad-el-oracle-de-la-pyme,2007-09-14,/2007/09/14/velneocomunidad-el-oracle-de-la-pyme/,B,3,598,11,Velneo,
La lucha,la-lucha,2007-09-15,/2007/09/15/la-lucha/,C,1,41,,Citas,
Google compra Postini,google-compra-postini,2007-09-15,/2007/09/15/google-compra-postini/,C,1,121,,Empresa,
¿Cuáles son los problemas de la programación?,¿cuales-son-los-problemas-de-la-programacion,2007-09-17,/2007/09/17/%c2%bfcuales-son-los-problemas-de-la-programacion/,B,4,1014,14,Velneo,
¿Qué es la sindicación de contenidos?,¿que-es-la-sindicacion-de-contenidos,2007-09-20,/2007/09/20/%c2%bfque-es-la-sindicacion-de-contenidos/,C,1,458,,Tecnología,
El arte de escribir: 10 consejos,el-arte-de-escribir-10-consejos,2007-09-20,/2007/09/20/el-arte-de-escribir-10-consejos/,C,2,104,6,Tecnología,
¿Cuándo se impondrá el Open Source?,¿cuando-se-impondra-el-open-source,2007-09-23,/2007/09/23/%c2%bfcuando-se-impondra-el-open-source/,C,1,372,2,Floss,
¿Cuáles son las mejores páginas de RRHH?,¿cuales-son-las-mejores-paginas-de-rrhh,2007-09-24,/2007/09/24/%c2%bfcuales-son-las-mejores-paginas-de-rrhh/,C,2,448,9,Personas,
¿Cuál es la evolución de un usuario con un nuevo Software?,¿cual-es-la-evolucion-de-un-usuario-con-un-nuevo-software,2007-09-24,/2007/09/24/%c2%bfcual-es-la-evolucion-de-un-usuario-con-un-nuevo-software/,C,2,,3,Citas,
"¿Qué es un Pasivo, Balance Situación y P&amp;G?",¿que-es-un-pasivo,2007-09-26,/2007/09/26/%c2%bfque-es-un-pasivo/,C,1,210,2,Empresa,
Términos anglosajones de moda sobre RRHH,terminos-anglosajones-de-moda-sobre-rrhh,2007-09-29,/2007/09/29/terminos-anglosajones-de-moda-sobre-rrhh/,A,5,2403,12,Personas,
¿Qué pasa en Irlanda?,¿que-pasa-en-irlanda,2007-10-01,/2007/10/01/%c2%bfque-pasa-en-irlanda/,B,3,566,10,Empresa,
Open Source VS Software Propietario,open-source-vs-software-propietario,2007-10-02,/2007/10/02/open-source-vs-software-propietario/,C,2,369,6,Floss,
Publicidad+Open Source= Licencias,publicidadopen-source-licencias,2007-10-06,/2007/10/06/publicidadopen-source-licencias/,C,2,478,4,Floss,
El 40% de la publicidad On-Line es de Google,el-40-de-la-publicidad-on-line-es-de-google,2007-10-07,/2007/10/07/el-40-de-la-publicidad-on-line-es-de-google/,C,2,92,4,Tecnología,
Apple Vs Dell,apple-vs-dell,2007-10-08,/2007/10/08/apple-vs-dell/,C,2,122,3,Empresa,
El futuro de micro-blog,el-futuro-de-micro-blog,2007-10-09,/2007/10/10/el-futuro-de-micro-blog/,C,2,231,3,Empresa,
Mercados Emergentes vs Segmentos Emergentes,mercados-emergente-vs-segmentos-emergentes,2007-10-10,/2007/10/10/mercados-emergente-vs-segmentos-emergentes/,C,2,236,3,Empresa,
¿Qué pasa con las Wikis?,¿que-pasa-con-las-wikis,2007-10-10,/2007/10/10/%c2%bfque-pasa-con-las-wikis/,C,1,247,2,Tecnología,
La travesía,la-travesia,2007-10-13,/2007/10/13/la-travesia/,C,2,140,3,Citas; Personas,
¿Cuáles son las diferentes orientaciones hacia el mercado de las empresas?,¿cuales-son-las-diferentes-orientaciones-hacia-el-mercado-de-las-empresas,2007-10-14,/2007/10/14/%c2%bfcuales-son-las-diferentes-orientaciones-hacia-el-mercado-de-las-empresas/,C,2,332,3,Empresa,
¿Qué es un DAFO?,¿que-es-un-dafo,2007-10-14,/2007/10/14/%c2%bfque-es-un-dafo/,C,1,66,,Tecnología,
El mercado y el estado,el-mercado-y-el-estado,2007-10-15,/2007/10/15/el-mercado-y-el-estado/,C,1,418,1,Empresa,
MYSQL conference.,mysql-conference,2007-10-17,/2007/10/17/mysql-conference/,B,4,1068,6,Velneo,
Velneo vs Oracle vs SQL,velneo-vs-oracle-vs-sql,2007-10-23,/2007/10/23/velneo-vs-oracle-vs-sql/,C,2,434,7,Velneo,
¿Cómo elegir una plataforma libre?,¿como-elegir-una-plataforma-libre,2007-10-25,/2007/10/25/%c2%bfcomo-elegir-una-plataforma-libre/,C,1,217,,Tecnología,
Conceptos Web 2.0,conceptos-web-20,2007-10-27,/2007/10/27/conceptos-web-20/,C,1,92,,Tecnología,
Orientaciones culturales según Harrison(1972),¿cuales-son-las-orientaciones-culturales-segun-harrison1972,2007-10-27,/2007/10/27/%c2%bfcuales-son-las-orientaciones-culturales-segun-harrison1972/,C,1,482,,Personas,
12 Lecciones del pasado de las empresas.,12-lecciones-del-pasado-de-las-empresas,2007-10-27,/2007/10/27/12-lecciones-del-pasado-de-las-empresas/,C,1,192,,Personas,
Fases dentro del trabajo en equipo,fases-dentro-del-trabajo-en-equipo,2007-10-28,/2007/10/28/fases-dentro-del-trabajo-en-equipo/,B,3,582,3,Personas,
¿Por qué la redes sociales están tan de moda?,¿por-que-la-redes-sociales-estan-tan-de-moda,2007-10-29,/2007/10/30/%c2%bfpor-que-la-redes-sociales-estan-tan-de-moda/,C,2,192,3,Tecnología,
P2P  vs  Centralización,p2p-vs-centralizacion,2007-10-29,/2007/10/30/p2p-vs-centralizacion/,C,2,331,5,Tecnología,
¿Qué es una ERP?,que-es-una-erp,2007-10-30,/2007/10/30/que-es-una-erp/,C,2,353,6,Software,erp; erp es; los erp; que son erp; que son los erp; software erp
¿Qué es la planificación estratégica?,¿que-es-la-planificacion-estrategica,2007-11-02,/2007/11/02/%c2%bfque-es-la-planificacion-estrategica/,C,1,135,,Empresa,
¿Cuáles son las 4p del marketing? (marketing mix),¿cuales-son-las-4p-del-marketing-marketing-mix,2007-11-04,/2007/11/04/%c2%bfcuales-son-las-4p-del-marketing-marketing-mix/,C,2,480,43,Empresa,4p del marketing; marketing; marketing mix; marketing online
Microsoft en Irlanda,microsoft-en-irlanda,2007-11-06,/2007/11/07/microsoft-en-irlanda/,C,1,142,2,Tecnología,
Yahoo vs Google,una-imagen-vale-mas-que,2007-11-07,/2007/11/07/una-imagen-vale-mas-que/,C,2,,4,Citas,
Diferentes tipos de Estrategías,diferentes-tipos-de-estrategias,2007-11-09,/2007/11/09/diferentes-tipos-de-estrategias/,B,4,1218,3,Empresa,
¿Tienes miedo a perder?,¿tienes-miedo-a-perder,2007-11-09,/2007/11/09/%c2%bftienes-miedo-a-perder/,C,1,156,1,Citas,
¿Tienes algo que perder?,¿tienes-algo-que-perder,2007-11-11,/2007/11/11/%c2%bftienes-algo-que-perder/,C,1,22,3,Citas,
El Efecto Miopía,el-efecto-miopia,2007-11-12,/2007/11/13/el-efecto-miopia/,B,3,512,10,Empresa,
INSTRUCCIONES PARA UNA VIDA,instrucciones-para-una-vida,2007-11-13,/2007/11/13/instrucciones-para-una-vida/,C,2,284,7,Citas,
Estoy vivo?,estoy-vivo,2007-11-27,/2007/11/28/estoy-vivo/,C,1,133,,Citas,
Canción en Velneo,cancion-en-velneo,2007-11-27,/2007/11/28/cancion-en-velneo/,C,,41,1,Tecnología,
Monopolios tecnológicos....,monopolios-tecnologicos,2007-11-28,/2007/11/28/monopolios-tecnologicos/,C,2,757,,Empresa,
12 señales de que eres un mal programador,12-senales-de-que-eres-un-mal-programador,2007-11-28,/2007/11/29/12-senales-de-que-eres-un-mal-programador/,B,3,920,7,Tecnología,
Habla un genio,habla-un-genio,2007-11-29,/2007/11/29/habla-un-genio/,C,,153,2,Velneo,
Destino el Mundo,destino-el-mundo,2007-12-02,/2007/12/02/destino-el-mundo/,C,1,103,2,Viajes,
¿Qué es Open ID?,¿que-es-open-id,2007-12-02,/2007/12/02/%c2%bfque-es-open-id/,C,2,246,7,Tecnología,
¿Qué es una segmentación de mercado?,¿que-es-una-segmentacion-de-mercado,2007-12-04,/2007/12/04/%c2%bfque-es-una-segmentacion-de-mercado/,C,,23,,Citas,
La verdad......tiene puntos de vista.,la-verdad,2007-12-04,/2007/12/04/la-verdad/,B,3,813,11,Velneo,
Presentación Web 2.0,presentacion-web-20,2007-12-06,/2007/12/06/presentacion-web-20/,C,1,48,3,Tecnología,
Vuelta a casa... por Navidad.,vuelta-a-casa-por-navidad,2007-12-08,/2007/12/08/vuelta-a-casa-por-navidad/,C,1,158,7,Viajes,
Steve Jobs vs Bill Gates,steve-jobs-vs-bill-gates,2007-12-08,/2007/12/08/steve-jobs-vs-bill-gates/,C,,198,1,Tecnología,
Genios del Código Fuente,genios-del-codigo-fuente,2007-12-08,/2007/12/08/genios-del-codigo-fuente/,C,1,96,1,Tecnología,
El efecto gimnasio,el-efecto-gimnasio,2007-12-22,/2007/12/22/el-efecto-gimnasio/,C,1,102,2,Citas,
¿Qué es y cuál es el objetivo de EURES?,¿que-es-y-cual-es-el-objetivo-de-eures,2007-12-22,/2007/12/22/%c2%bfque-es-y-cual-es-el-objetivo-de-eures/,C,2,262,3,Personas,
El horario Flexible,el-horario-flexible,2007-12-23,/2007/12/23/el-horario-flexible/,C,2,135,4,Personas,
Feliz Navidad,feliz-navidad,2007-12-24,/2007/12/24/feliz-navidad/,C,1,26,24,Citas,
De regalo de Reyes.... ¿el canon?,de-regalo-de-reyes-¿el-canon,2007-12-27,/2007/12/27/de-regalo-de-reyes-%c2%bfel-canon/,C,2,309,9,Tecnología,
8 Lecciones del 2007,8-lecciones-del-2007,2008-01-03,/2008/01/03/8-lecciones-del-2007/,C,1,409,1,Citas,
La cultura de Google,la-cultura-de-google,2008-01-03,/2008/01/03/la-cultura-de-google/,C,,81,2,Personas,
Simplemente impresionante,simplemente-impresionante,2008-01-03,/2008/01/03/simplemente-impresionante/,C,,29,1,Viajes,
De vuelta a Irlanda,de-vuelta-a-irlanda,2008-01-07,/2008/01/07/de-vuelta-a-irlanda/,C,1,433,2,Viajes,
Éxitos y fracasos (a mejorar) del 2007 en Velneo.,exitos-y-fracasos-a-mejorar-del-2007-en-velneo,2008-01-07,/2008/01/07/exitos-y-fracasos-a-mejorar-del-2007-en-velneo/,B,3,568,20,Velneo,
Cita,cita,2008-01-08,/2008/01/08/cita/,C,1,44,3,Citas,
Los mejores del 2007,los-mejores-del-2007,2008-01-08,/2008/01/08/los-mejores-del-2007/,B,4,1635,1,Software,
Tendencias 2008,tendencias-2008,2008-01-10,/2008/01/10/tendencias-2008/,C,2,882,,Tecnología,
Los 9 Principios para la creación de productos Google,los-9-principios-para-la-creacion-de-productos-google,2008-01-10,/2008/01/10/los-9-principios-para-la-creacion-de-productos-google/,C,1,281,1,Software; Tecnología,
Historia Youtube,historia-youtube,2008-01-11,/2008/01/11/historia-youtube/,C,,11,2,Software,
Red Social Velneo,red-social-velneo,2008-01-12,/2008/01/12/red-social-velneo/,C,,88,1,Tecnología,red social; Velneo
Velneo Ltd.,velneo-ltd,2008-01-12,/2008/01/12/velneo-ltd/,C,1,268,11,Velneo,irlanda; Velneo
La videoconferencia del futuro.,la-videoconferencia-del-futuro,2008-01-15,/2008/01/15/la-videoconferencia-del-futuro/,C,2,161,4,Tecnología,
1000 Millones por MYSQL,1000-millones-por-mysql,2008-01-16,/2008/01/16/1000-millones-por-mysql/,C,2,237,4,Empresa; Velneo,Bea; compra; mysql; oracle; sap; sun
Dataportability,dataportability,2008-01-19,/2008/01/19/dataportability/,C,,97,,Software,dataportability; facebook; google; open id; yahoo
Yahoo y Open ID,yahoo-y-open-id,2008-01-19,/2008/01/19/yahoo-y-open-id/,C,1,75,,Tecnología,
El fracaso,el-fracaso,2008-01-20,/2008/01/20/el-fracaso/,C,,73,1,Citas,
La keynote de Steve Jobs en 60 segundos,la-keynote-de-steve-jobs-en-60-segundos,2008-01-24,/2008/01/24/la-keynote-de-steve-jobs-en-60-segundos/,C,,70,1,Software,keynote; steve jobs
The long Tail,the-long-tail,2008-01-24,/2008/01/25/the-long-tail/,C,2,670,,Tecnología,economía; Geoffrey moore; the long tail
del.icio.us,delicious,2008-01-27,/2008/01/27/delicious/,C,,90,2,Software,
Trolltech adopta la GPLv3 para las librerías Qt,trolltech-adopta-la-gplv3-para-las-librerias-qt,2008-01-27,/2008/01/27/trolltech-adopta-la-gplv3-para-las-librerias-qt/,C,2,466,3,Floss,
Nokia compra Qt,nokia-compra-qt,2008-01-28,/2008/01/29/nokia-compra-qt/,C,2,296,19,Velneo,kde; nokia; qt; tolltrech; Velneo
EUPL en Español.,eupl-en-espanol,2008-01-29,/2008/01/29/eupl-en-espanol/,C,1,133,,Floss; Velneo,EUPL; Floss; open source; software libre; Velneo
Google Docs,google-docs,2008-01-31,/2008/01/31/google-docs/,C,1,197,1,Software,google; googledocs; googledosbar
"Haoming, un compañero especial",haoming-un-companero-especial,2008-02-02,/2008/02/02/haoming-un-companero-especial/,C,1,128,18,Velneo,alfonsogu; china; irlanda; limerick; Velneo
Informe Mensual. Enero 2008,informe-mensual-enero-2008,2008-02-03,/2008/02/03/informe-mensual-enero-2008/,C,1,52,8,Software,alfonsogu; bill gates; dataportabiliy; microsoft; nokia; openid; oracle; qt; sap; sgae; steve jobs; Velneo
Google el bueno???,google-el-bueno,2008-02-05,/2008/02/05/google-el-bueno/,C,2,296,5,Software,google; microsoft; yahoo
¿Qué es el Hurling?,¿que-es-el-hurling,2008-02-06,/2008/02/06/%c2%bfque-es-el-hurling/,C,1,38,4,Viajes,hurling; irlanda
Reglas de las empresas de software.,reglas-de-las-empresas-de-software,2008-02-07,/2008/02/07/reglas-de-las-empresas-de-software/,B,4,971,11,Software,empresas; reglas; reglas del software; software; start-up
¿Qué es OpenID?,¿que-es-openid,2008-02-09,/2008/02/09/%c2%bfque-es-openid/,C,,62,,Software,
Verano en los Alpes,verano-en-los-alpes,2008-02-10,/2008/02/10/verano-en-los-alpes/,C,1,59,3,Viajes,
"¿En qué idioma hago mi Software, Web, Blog?",¿en-que-idioma-hago-mi-web-software,2008-02-10,/2008/02/10/%c2%bfen-que-idioma-hago-mi-web-software/,B,3,751,9,Software; Tecnología,acceso a internet; idiomas; internet; lenguas; paises; software; usuarios
¿Quién triunfa en internet?,¿quien-triunfa-en-internet,2008-02-12,/2008/02/12/%c2%bfquien-triunfa-en-internet/,C,1,251,,Software,
Facebook y sus RRHH,facebook-y-sus-rrhh,2008-02-13,/2008/02/13/facebook-y-sus-rrhh/,C,2,107,6,Personas,facebook; Personas; recursos humanos
Conceptos Contables,conceptos-contables,2008-02-14,/2008/02/14/conceptos-contables/,B,3,682,,Empresa,¿Cómo se contabiliza el Impuesto de; ¿Que es la cuenta de PYG?; impuesto sociedades; Ingresos y gastos (mercaderías); Provisiones; Retenciones
Gracias FRED,gracias-fred,2008-02-14,/2008/02/14/gracias-fred/,C,2,67,7,Tecnología,alfonsogu; irlanda; Velneo; vigo
Foro de internet en madrid,foro-de-internet-en-madrid,2008-02-14,/2008/02/14/foro-de-internet-en-madrid/,C,1,290,1,Tecnología,
¿Cuántas empresas hay en españa?,¿cuantas-empresas-hay-en-espana,2008-02-18,/2008/02/18/%c2%bfcuantas-empresas-hay-en-espana/,C,2,79,5,Empresa,
De vuelta a Limerick,de-vuelta-a-limerick,2008-02-25,/2008/02/25/de-vuelta-a-limerick/,C,1,87,1,Viajes,limerick; londres; Velneo
¿Cómo es el mercado japonés?,¿como-es-el-mercado-japones,2008-02-26,/2008/02/27/%c2%bfcomo-es-el-mercado-japones/,C,2,169,9,Viajes,japon; mercado
Entrevista en viaje a Japón,entrevista-en-viaje-a-japon,2008-02-27,/2008/02/27/entrevista-en-viaje-a-japon/,C,2,362,4,Viajes,entrevista; japon
Indicadores para reconocer buenos programadores,indicadores-para-reconocer-buenos-programadores,2008-02-27,/2008/02/27/indicadores-para-reconocer-buenos-programadores/,C,2,131,6,Software,buen programador; indicadores; mal programador; programador
RIA (Rich Internet Applications),ria-rich-internet-applications,2008-02-28,/2008/02/28/ria-rich-internet-applications/,C,1,397,2,Software,
Google Sites,google-sites,2008-02-28,/2008/02/28/google-sites/,C,,42,1,Software,
¿Cómo se rediseña una web?,¿como-se-redisena-una-web,2008-03-01,/2008/03/01/%c2%bfcomo-se-redisena-una-web/,C,2,340,9,Software,idealista; jesus encinar; rediseño; web
¿Qué pasó en Febrero de 2008?,¿que-paso-en-febrero-de-2008,2008-03-02,/2008/03/02/%c2%bfque-paso-en-febrero-de-2008/,C,1,60,6,Software,
Apple Tv Vs Xbox 360,apple-tv-vs-xbox-360,2008-03-05,/2008/03/05/apple-tv-vs-xbox-360/,C,2,90,7,Software,
¿Que recomendamos en c++ para Windows?,¿que-recomendamos-c-c,2008-03-06,/2008/03/06/%c2%bfque-recomendamos-c-c/,C,1,75,1,Velneo,
¿Qué tipos de clientes se acercan a Velneo?,¿que-tipos-de-clientes-se-acercan-a-velneo,2008-03-06,/2008/03/06/%c2%bfque-tipos-de-clientes-se-acercan-a-velneo/,C,1,371,2,Velneo,
Velneo estrategía y necesidades,velneo-estrategia-y-necesidades,2008-03-07,/2008/03/07/velneo-estrategia-y-necesidades/,C,2,403,11,Velneo,compartir; Floss; software libre; Velneo
"Velneo, Esquema de distribución / comercialización",velneo-esquema-de-distribucion-comercializacion,2008-03-09,/2008/03/09/velneo-esquema-de-distribucion-comercializacion/,B,3,664,29,Velneo,
Velneo 2006,velneo-2006,2008-03-11,/2008/03/11/velneo-2006/,C,1,377,,Velneo,Velneo
¿Qué es un producto?,¿que-es-un-producto,2008-03-12,/2008/03/12/%c2%bfque-es-un-producto/,C,1,91,,Empresa,kloter; producto; santesmases
Estrategias de desarrollo de marca.,estrategias-de-desarrollo-de-marca,2008-03-16,/2008/03/16/estrategias-de-desarrollo-de-marca/,C,1,469,1,Empresa,
Apple alcanza el 14% de las ventas,apple-sube-al-14,2008-03-19,/2008/03/19/apple-sube-al-14/,C,2,170,5,Software,apple; ordenadores; ventas
La flexibilidad horaria. LA CLAVE.,la-felixibilidad-horaria-la-clave,2008-03-21,/2008/03/21/la-felixibilidad-horaria-la-clave/,C,1,115,,Personas,empresas flexibles; flexiblidad laborar; IBM
Red Social Velneo,red-social-velneo-2,2008-03-22,/2008/03/22/red-social-velneo-2/,B,3,702,4,Velneo,ning; red social; Velneo; wordpress
MAB (Mercado Alternativo Bursatil),mab-mercado-alternativo-bursatil,2008-03-24,/2008/03/24/mab-mercado-alternativo-bursatil/,C,2,195,7,Empresa,MAB; mercado alternativo
¿Qué tiene que tener un objetivo para ser factible?,¿que-tiene-que-tener-un-objetivo-para-ser-factible,2008-03-26,/2008/03/26/%c2%bfque-tiene-que-tener-un-objetivo-para-ser-factible/,C,1,169,,Empresa,
Acta sobre reunión de activaciones,acta-sobre-reunion-de-activaciones,2008-03-27,/2008/03/27/acta-sobre-reunion-de-activaciones/,C,2,474,8,Velneo,
¿Qué es la innovación discontinua?,¿que-es-la-innovacion-discontinua,2008-03-29,/2008/03/29/%c2%bfque-es-la-innovacion-discontinua/,C,2,164,12,Tecnología,continua; discontinua; Tecnología
Historia de Oracle,historia-de-oracle,2008-03-31,/2008/03/31/historia-de-oracle/,B,3,671,5,Software,bill gates; ellison; mac; microsoft; oracle; steve jobs
Google se va al desktop,google-se-va-al-desktop,2008-03-31,/2008/04/01/google-se-va-al-desktop/,C,,1,2,Tecnología,desktop; google; Watches
¿Tipos de organigramas y organización?,¿tipos-de-organigramas-y-organizacion,2008-04-02,/2008/04/02/%c2%bftipos-de-organigramas-y-organizacion/,C,2,53,11,Empresa,Business and Economy; organigramas
Promoción On-Line,promocion-on-line,2008-04-02,/2008/04/02/promocion-on-line/,C,1,78,2,Software,Business and Economy; Seo
De vuelta,de-vuelta,2008-04-10,/2008/04/10/de-vuelta/,C,2,112,4,Velneo,Spain
¿Cuando se recuerda un nombre?,¿cuando-se-recuerda-un-nombre,2008-04-10,/2008/04/10/%c2%bfcuando-se-recuerda-un-nombre/,C,1,199,1,Empresa,Business and Economy
Lenguajes de Programación,lenguajes-de-programacion,2008-04-12,/2008/04/12/lenguajes-de-programacion/,A,5,1241,5,Software,Business and Economy; Java; microsoft
Google &amp; Salesforce,google-salesforce,2008-04-14,/2008/04/14/google-salesforce/,C,1,128,4,Software,google; Google Apps; Google Calendar; Google Docs; Google Talk; microsoft; Salesforce; Salesforce.com; Search Engines
"Créditos, inversión y tipos de interés.",creditos-inversion-y-tipos-de-interes,2008-04-17,/2008/04/17/creditos-inversion-y-tipos-de-interes/,C,2,267,7,Empresa,
Fórmulas para calcular precios de transferencia,formulas-para-calcular-precios-de-transferencia,2008-04-20,/2008/04/20/formulas-para-calcular-precios-de-transferencia/,C,1,258,,Empresa,precios de transferencia
Resultados de Google,resultados-de-google,2008-04-20,/2008/04/20/resultados-de-google/,C,2,417,4,Software,apple; Business and Economy; google; microsoft; USA
China supera a USA en usuarios de internet,china-supera-a-usa-en-usuarios-de-internet,2008-04-21,/2008/04/21/china-supera-a-usa-en-usuarios-de-internet/,C,1,159,1,Velneo,china; internet
"¿Qué es una subvención, donación, legado?",¿que-es-una-subvencion-donacion-legado,2008-04-22,/2008/04/22/%c2%bfque-es-una-subvencion-donacion-legado/,C,1,248,2,Empresa,Business and Economy
Las 50 empresas más innovadoras del mundo,las-50-empresas-mas-innovadoras-del-mundo,2008-04-22,/2008/04/23/las-50-empresas-mas-innovadoras-del-mundo/,C,2,575,,Tecnología,
Las teorías X e Y de Douglas McGregor,las-teorias-x-e-y-de-douglas-mcgregor,2008-04-26,/2008/04/26/las-teorias-x-e-y-de-douglas-mcgregor/,C,2,306,10,Empresa,Business and Economy
Google en UK,google-en-uk,2008-04-26,/2008/04/26/google-en-uk/,C,1,215,,Software,Business and Economy; google
¿Cuáles son las fases de la dirección estratégica?,¿cuales-son-las-fases-de-la-direccione-estrategica,2008-04-27,/2008/04/27/%c2%bfcuales-son-las-fases-de-la-direccione-estrategica/,C,1,261,,Empresa,Business and Economy
Cosas que son verdad según Google,cosas-que-son-verdad-segun-google,2008-04-27,/2008/04/27/cosas-que-son-verdad-segun-google/,C,2,110,3,Software,google
Nokia Internet Tablets soportará QT,nokia-internet-tablets-soportara-qt,2008-04-30,/2008/04/30/nokia-internet-tablets-soportara-qt/,C,1,181,1,Software; Velneo,GTK+; Linux; Maemo; nokia; open source; Operating system; qt; Trolltech; Ubuntu
Información Velneo V7,v7-que-viene-que-viene,2008-05-02,/2008/05/02/v7-que-viene-que-viene/,B,3,598,21,Tecnología,v7; Velneo
¿Por qué estamos en crisis financiera?,¿por-que-estamos-en-crisis-financiera,2008-05-03,/2008/05/03/%c2%bfpor-que-estamos-en-crisis-financiera/,C,1,49,9,Empresa,Bird and Fortune; Bremner; Business and Economy; Channel 4
"SalesForce, google y Londres (Dreamforce Europa)",salesforce-google-y-londres,2008-05-07,/2008/05/07/salesforce-google-y-londres/,C,1,130,,Software; Viajes,google; Salesforce.com
PAAS Web 3.0,pas-web-30,2008-05-12,/2008/05/12/pas-web-30/,C,2,244,9,Tecnología,google; Google Apps; Marc Benioff; microsoft; Salesforce.com; Software as a service; Web 3.0
Sun también PAAS,sun-tambien-paas,2008-05-13,/2008/05/13/sun-tambien-paas/,C,1,159,1,Software,Jonathan I. Schwartz; mysql; open source; Open source software; Sun Microsystems
"Desarrollad, desarrollad, malditos....",desarrollad-desarrollad-malditos,2008-05-14,/2008/05/14/desarrollad-desarrollad-malditos/,C,1,32,4,Software,elpais; Salesforce
¿Qué es Salesforce?,que-es-salesforce,2008-05-15,/2008/05/15/que-es-salesforce/,C,2,373,9,Software,Business; force.com; Marc Benioff; microsoft; SAAS; Salesforce.com; Software as a service; Visualforce
¿Qué son las barreras de entrada?,¿que-son-las-barreras-de-entrada,2008-05-18,/2008/05/18/%c2%bfque-son-las-barreras-de-entrada/,B,3,713,4,Empresa,
¿Nos afecta la globalización?,¿nos-afecta-la-globalizacion,2008-05-18,/2008/05/18/%c2%bfnos-afecta-la-globalizacion/,C,1,324,,Tecnología,amazon; ebay; facebook
¿Cuál es la historía del Corte Inglés?,¿cual-es-la-historia-del-corte-ingles,2008-05-18,/2008/05/18/%c2%bfcual-es-la-historia-del-corte-ingles/,B,4,1241,5,Tecnología,Business and Economy; Cuba; El Corte Inglés; Madrid; Ramón Areces; Spain
¿Por qué las empresas triunfan?,¿por-que-las-empresas-triunfan,2008-05-18,/2008/05/18/%c2%bfpor-que-las-empresas-triunfan/,C,1,279,,Empresa,
¿Qué es el aprendizaje organizacional?,¿que-es-el-aprendizaje-organizacional,2008-05-18,/2008/05/18/%c2%bfque-es-el-aprendizaje-organizacional/,C,1,288,,Tecnología,microsoft
Las reuniones del futuro.,las-reuniones-del-futuro,2008-05-20,/2008/05/20/las-reuniones-del-futuro/,C,1,154,1,Tecnología,
China de luto,china-de-luto,2008-05-21,/2008/05/21/china-de-luto/,C,1,56,,Tecnología,china; google
¿Hacía donde van los Blogs?,¿hacia-donde-van-los-blogs,2008-05-22,/2008/05/22/%c2%bfhacia-donde-van-los-blogs/,C,1,276,,Tecnología,
¿Somos felices?,¿somos-felices,2008-05-22,/2008/05/22/%c2%bfsomos-felices/,C,1,112,1,Personas,Africa; Infertility; Mexico; USA
Riesgo vs Rentabilidad,riesgo-vs-rentabilidad,2008-05-31,/2008/05/31/riesgo-vs-rentabilidad/,C,1,264,1,Empresa,
10 principios para encontrar estrategias,10-principios-para-encontrar-estrategias,2008-05-31,/2008/05/31/10-principios-para-encontrar-estrategias/,C,1,719,,Tecnología,
¿Qué son las estrategias de innovación?,¿que-son-las-estrategias-de-innovacion,2008-05-31,/2008/05/31/%c2%bfque-son-las-estrategias-de-innovacion/,C,1,267,,Tecnología,apple; Business and Economy; google; microsoft; toyota
Campeones de Europa,campeones-de-europa,2008-05-31,/2008/05/31/campeones-de-europa/,C,2,226,5,Viajes,Cardiff; England; Guinness Premiership; Heineken Cup; limerick; Munster; Rugby Union; Rugby union positions; Sports
¿Cómo me internacionalizo?,¿como-me-internacionalizo,2008-06-01,/2008/06/01/%c2%bfcomo-me-internacionalizo/,C,1,26,,Empresa,internacionalización
Visitas a Limerick,vistas-a-limerick,2008-06-01,/2008/06/01/vistas-a-limerick/,C,1,445,,Viajes,Business and Economy; International; Joaquin y Lola; Spain
Nuevo Blog en Velneo,nuevo-blog-en-velneo,2008-06-02,/2008/06/02/nuevo-blog-en-velneo/,C,1,261,,Tecnología,blog.velneo.es; Velneo; wordpress
Las tendencias 2008-2012,las-tendencias-2008-2012,2008-06-03,/2008/06/03/las-tendencias-2008-2012/,C,1,234,,Tecnología,Cloud computing; Gartner; Melbourne; microsoft
¿Cómo se invierte en China?,¿como-se-invierte-en-china,2008-06-04,/2008/06/04/%c2%bfcomo-se-invierte-en-china/,B,3,1108,1,Empresa,china; inversion
Hong Kong de entrada en China,hong-kong-de-entrada-en-china,2008-06-05,/2008/06/05/hong-kong-de-entrada-en-china/,B,3,2057,1,Viajes,Asia; Embassies and Consulates; Expatriate Life; Foreign; Government; Hong Kong; Hong Kong Trade Development Council; Society and Culture
Las próximas innovaciones según Microsoft,las-proximas-innovaciones-segun-microsoft,2008-06-07,/2008/06/07/las-proximas-innovaciones-segun-microsoft/,C,1,270,,Tecnología,google; Google Docs; microsoft; Software as a service; Steve Ballmer; washingtonpost.com
Las vueltas que da la vida,las-vueltas-que-da-la-vida,2008-06-08,/2008/06/08/las-vueltas-que-da-la-vida/,C,,31,1,Tecnología,
¿Qué es el long tail?,¿que-es-el-long-tail,2008-06-09,/2008/06/09/%c2%bfque-es-el-long-tail/,B,4,1283,14,Tecnología,Amazon.com; apple; Jeff Bezos; Long Tail
¿Qué pasa con las marcas?,¿que-pasa-con-las-marcas,2008-06-12,/2008/06/13/%c2%bfque-pasa-con-las-marcas/,C,1,67,,Empresa,marcas
¿Cómo es el crecimiento de Velneo?,¿como-es-el-crecimiento-de-velneo,2008-06-18,/2008/06/18/%c2%bfcomo-es-el-crecimiento-de-velneo/,C,2,481,22,Tecnología,
¿Por qué Paypal?,¿por-que-paypal,2008-06-23,/2008/06/23/%c2%bfpor-que-paypal/,C,2,268,19,Software,Amazon.com; ebay; PayPal
Eligiendo un nicho en Software,eligiendo-un-nicho-en-software,2008-06-27,/2008/06/27/eligiendo-un-nicho-en-software/,B,3,621,12,Software,crm; erp; marketing; reglas del software; software
Plantilla para definir un nicho en software,plantilla-para-definir-un-nicho-en-software,2008-06-27,/2008/06/27/plantilla-para-definir-un-nicho-en-software/,B,4,1133,8,Software,reglas del software; software
¿Los buscadores pueden buscar en un Flash?,¿los-buscadores-pueden-buscar-en-un-flash,2008-07-01,/2008/07/01/%c2%bflos-buscadores-pueden-buscar-en-un-flash/,C,2,283,8,Software,Adobe Systems; Flash; google; microsoft
Jovenes en la Red (Dominio Gratis),jovenes-en-la-red-dominio-gratis,2008-07-02,/2008/07/02/jovenes-en-la-red-dominio-gratis/,A,5,1237,4,Tecnología,Domain Name System; ICANN; Network Solutions
¿Cómo es el ciclo de adopción tecnológica?,¿como-es-el-ciclo-de-adopcion-tecnologica,2008-07-03,/2008/07/03/%c2%bfcomo-es-el-ciclo-de-adopcion-tecnologica/,A,5,1206,19,Tecnología,Bay Networks; early adopter; innovator; Microsoft Word; Wordperfect
¿Vamos hacía la nube?,¿vamos-hacia-la-nube,2008-07-06,/2008/07/06/%c2%bfvamos-hacia-la-nube/,C,1,168,,Software,google; Google Apps; Salesforce.com; Social network service; Taylor Woodrow; World Wide Web
Ciclo de adopción de tecnología (Parte 2),ciclo-de-adopcion-de-tecnologia-parte-2,2008-07-07,/2008/07/07/ciclo-de-adopcion-de-tecnologia-parte-2/,B,3,825,12,Empresa; Tecnología,apple; early adopter; Macintosh; MS-DOS; Windows 3.0
¿Qué es Etelos?,¿que-es-etelos,2008-07-08,/2008/07/08/%c2%bfque-es-etelos/,C,1,288,2,Tecnología,PaaS/SaaS; SAAS
Google está creando un Second Life,google-esta-creando-un-second-life,2008-07-08,/2008/07/08/google-esta-creando-un-second-life/,C,2,202,6,Software,google; Second Life
¿Cómo tiene que ser un blog Corporativo?,¿como-tiene-que-ser-un-blog-corporativo,2008-07-13,/2008/07/13/%c2%bfcomo-tiene-que-ser-un-blog-corporativo/,C,2,429,13,Tecnología,
¿Se puede buscar dentro de un video?,¿se-puede-buscar-dentro-de-un-video,2008-07-16,/2008/07/16/%c2%bfse-puede-buscar-dentro-de-un-video/,C,1,178,2,Tecnología,
¿Qué es PAAS?,¿que-es-paas,2008-07-17,/2008/07/17/%c2%bfque-es-paas/,C,2,217,2,Tecnología,PaaS/SaaS; plataforma como servicio; SAAS; Software as a service; software como servicio
¿Cómo ver la formula1 por internet?,¿como-ver-la-formula1-por-internet,2008-07-21,/2008/07/21/%c2%bfcomo-ver-la-formula1-por-internet/,C,1,141,2,Tecnología,f1; fernando alonso; formula1; formulaf1.es
Ciclo de Adopción Tecnológica (3º Parte),ciclo-de-adopcion-tecnologica-3º-parte,2008-07-22,/2008/07/22/ciclo-de-adopcion-tecnologica-3%c2%ba-parte/,B,3,739,4,Tecnología,documentum; early adopter; innvovación; quicken; sillicon graphics
¿Qué es Knol? La Wikipedia de Google,¿que-es-knol-knowledge,2008-07-23,/2008/07/23/%c2%bfque-es-knol-knowledge/,C,1,268,,Tecnología,google; knol
Ciclo de Adopción Tecnológica (4º Parte),ciclo-de-adopcion-tecnologica-4º-parte,2008-07-24,/2008/07/24/ciclo-de-adopcion-tecnologica-4%c2%ba-parte/,C,1,112,5,Tecnología,alfonsogu; early adopter; innovator; pragmatico; Velneo
Randy Pausch,randy-pausch,2008-07-31,/2008/07/31/randy-pausch/,C,1,35,7,Personas,randy pausch
¿Qué es la teoría de bolos?,¿que-es-la-teoria-de-bolos,2008-08-11,/2008/08/11/%c2%bfque-es-la-teoria-de-bolos/,C,1,313,2,Tecnología,
Definición de PAAS - Plataforma como Servicio,definicion-de-paas,2008-08-14,/2008/08/14/definicion-de-paas/,B,3,459,12,Software,PaaS/SaaS; plataforma como servicio; Platform as a service; SAAS; Software as a service; software como servicio
Principios sobre la teoría de Bolos,principios-sobre-la-teoria-de-bolos,2008-08-19,/2008/08/19/principios-sobre-la-teoria-de-bolos/,C,1,332,,Software,cruzando el abismo; innovadores; marketing; software; Tecnología; teoria de bolos
El efecto resaca de mar,el-efecto-resaca-de-mar,2008-08-20,/2008/08/20/el-efecto-resaca-de-mar/,C,2,428,11,Tecnología,Empresa
vCena con desarrolladores,vcena-con-desarrolladores,2008-08-25,/2008/08/26/vcena-con-desarrolladores/,A,5,1124,17,Velneo,Velneo
Universidad de Stanford,universidad-de-stanford,2008-08-28,/2008/08/28/universidad-de-stanford/,C,1,214,11,Viajes,stanford
Las Empresas Tecnológicas en Sillicon Valley,las-empresas-tecnogicas-en-sillicon-valley,2008-08-31,/2008/08/31/las-empresas-tecnogicas-en-sillicon-valley/,C,1,102,6,Tecnología,apple; google; instalaciones; oracle; yahoo
Computer history museum,computer-history-museum,2008-09-01,/2008/09/01/computer-history-museum/,C,1,43,3,Viajes,historia computadoras; museo computadoras
La mejores presentaciones del Mundo,la-mejores-presentaciones-del-mundo,2008-09-02,/2008/09/02/la-mejores-presentaciones-del-mundo/,C,1,91,3,Software,presentaciones; slideshare
Repartir Periódicos Gratuitos,repartir-periodicos-gratuitos,2008-09-03,/2008/09/03/repartir-periodicos-gratuitos/,C,,64,,Tecnología,
Sergey Brin explica porqué lanzan su Navegador,sergey-brin-explica-porque-lanzan-su-navegador,2008-09-03,/2008/09/03/sergey-brin-explica-porque-lanzan-su-navegador/,C,1,46,3,Tecnología,chrome; google; sergey brin
¿Cómo conseguir dinero de un capital riesgo?,¿como-conseguir-dinero-de-un-capital-riesgo,2008-09-05,/2008/09/05/%c2%bfcomo-conseguir-dinero-de-un-capital-riesgo/,C,1,25,3,Empresa,capital riesgo; financiacion; venture capital
Universidad de Berkeley,universidad-de-berkeley,2008-09-06,/2008/09/06/universidad-de-berkeley/,C,1,33,3,Viajes,alfonsogu; Berkeley; stanford
La vida después de vacaciones,la-vida-despues-de-vacaciones,2008-09-11,/2008/09/11/la-vida-despues-de-vacaciones/,C,2,48,8,Citas,computadoras; geek; web
Ballmer VS GuyKawasaki,ballmer-vs-guykawasaki,2008-09-11,/2008/09/11/ballmer-vs-guykawasaki/,C,,48,,Software,GuyKawasaki; Steve Ballmer
El efecto paraguas,el-efecto-paraguas,2008-09-15,/2008/09/15/el-efecto-paraguas/,C,2,161,14,Empresa,delegar
Lecciones de Steve Jobs,lecciones-de-steve-jobs,2008-09-17,/2008/09/17/lecciones-de-steve-jobs/,B,3,503,10,Software,inside steve´s brain; simple; steve jobs
I´m a PC,i´m-a-pc,2008-09-20,/2008/09/20/i%c2%b4m-a-pc/,C,,71,,Empresa,anuncios; mac; microsoft
¿Cuánto va a durar la recesión?,¿cuanto-va-a-durar-la-recesion,2008-09-20,/2008/09/20/%c2%bfcuanto-va-a-durar-la-recesion/,C,2,178,7,Empresa,crisis; jesus encinar; precio vivienda; recesion
Odio a la gente que se queja,odio-a-la-gente-que-se-queja,2008-09-22,/2008/09/22/odio-a-la-gente-que-se-queja/,B,3,542,6,Citas,amancio; deporte; rafa nadal; steve jobs
"Crisis, ¿qué coño de crisis?",crisis-¿que-cono-de-crisis,2008-09-26,/2008/09/26/crisis-%c2%bfque-cono-de-crisis/,C,2,186,10,Citas,crisis; mauricio
¿Qué demonios es Cloud Computing?,¿que-demonios-es-cloud-computing,2008-09-27,/2008/09/27/%c2%bfque-demonios-es-cloud-computing/,C,1,54,6,Tecnología,Cloud computing; larry ellison; oracle; PaaS/SaaS; SAAS
Lecciones de Steve Jobs (Parte 2),lecciones-de-steve-jobs-parte-2,2008-09-29,/2008/09/29/lecciones-de-steve-jobs-parte-2/,C,2,371,6,Citas,Citas; simplicidad; steve jobs
¿Por qué Velneo no apoya en proyectos finales?,¿por-que-velneo-no-apoya-en-proyectos-finales,2008-10-02,/2008/10/02/%c2%bfpor-que-velneo-no-apoya-en-proyectos-finales/,C,2,316,12,Velneo,Velneo
¿Por qué todo es relativo?,¿por-que-todo-es-relativo,2008-10-05,/2008/10/05/%c2%bfpor-que-todo-es-relativo/,B,4,1021,11,Personas,
Video sobre Las trampas del deseo,video-sobre-las-trampas-del-deseo,2008-10-06,/2008/10/06/video-sobre-las-trampas-del-deseo/,C,1,38,6,Tecnología,precios; productos; trampas del deseo
"Nombres, descripciones y principios",nombres-descripciones-y-principios,2008-10-09,/2008/10/09/nombres-descripciones-y-principios/,C,2,313,2,Velneo,descripciones; nombres; principios
¿Cómo esta el paro en España?,¿como-esta-el-paro-en-espana,2008-10-09,/2008/10/09/%c2%bfcomo-esta-el-paro-en-espana/,C,2,73,5,Tecnología,crisis; paro
¿Es importante la comunicación?,¿es-importante-la-comunicacion,2008-10-11,/2008/10/11/%c2%bfes-importante-la-comunicacion/,C,1,36,1,Citas; Personas,Personas; recursos humanos
El poder del Gratis,el-poder-del-gratis,2008-10-11,/2008/10/11/el-poder-del-gratis/,C,2,264,5,Empresa,free; gratis; poder
Aportaciones de las diferentes tendencias psicológicas,aportaciones-de-las-diferentes-tendencias-psicologicas,2008-10-15,/2008/10/15/aportaciones-de-las-diferentes-tendencias-psicologicas/,B,3,503,6,Tecnología,Cognitivismo (el conexionismo); Cognitivismo (Modularidad de la mente); Cognitivismo (Paradigma computacional); Cognitivismo (perspectiva genética); Conductismo; Neoconductismo; Psicoanálisis; Psicología Cognitiva (nacimiento); Psicología Cultural; Psicología de la forma
Amazon y su estrategia,amazon-y-su-estrategia,2008-10-16,/2008/10/16/amazon-y-su-estrategia/,C,2,37,,Citas,
Dinero y Deuda,dinero-y-deuda,2008-10-16,/2008/10/16/dinero-y-deuda/,C,1,93,5,Tecnología,concursante; deuda; dinero
¿Podemos hablar de la existencia de una sola Psicología como disciplina científica unitaria?,¿podemos-hablar-de-la-existencia-de-una-sola-psicologia-como-disciplina-cientifica-unitaria,2008-10-18,/2008/10/18/%c2%bfpodemos-hablar-de-la-existencia-de-una-sola-psicologia-como-disciplina-cientifica-unitaria/,C,1,163,2,Tecnología,psicologia
La crisis Ninja,la-crisis-ninja,2008-10-20,/2008/10/20/la-crisis-ninja/,C,1,15,15,Tecnología,crisis
Problemas de la comunicación descendente,la-comunicacion-en-las-empresas,2008-10-25,/2008/10/25/la-comunicacion-en-las-empresas/,C,1,388,1,Empresa,comunicación; comunicación descendente; comunicación empresa
Problemas de comunicación ascendente,problemas-de-comunicacion-ascendente,2008-10-25,/2008/10/25/problemas-de-comunicacion-ascendente/,C,2,253,4,Tecnología,comunicación descendente; comunicación empresa
Problemas de la comunicación horizontal,problemas-de-la-comunicacion-horizontal,2008-10-25,/2008/10/25/problemas-de-la-comunicacion-horizontal/,C,1,351,1,Empresa,comunicación horizontal; horizontal
¿Cómo mejorar la comunicación en la empresa?,¿como-mejorar-la-comunicacion-en-la-empresa,2008-10-25,/2008/10/25/%c2%bfcomo-mejorar-la-comunicacion-en-la-empresa/,B,4,505,5,Tecnología,
¿Qué es el Periodo medio de maduración?,¿que-es-el-periodo-medio-de-maduracion,2008-10-28,/2008/10/28/%c2%bfque-es-el-periodo-medio-de-maduracion/,C,1,96,,Empresa,
¿Es el cloud computing más inseguro?,¿es-el-cloud-computing-mas-inseguro,2008-11-02,/2008/11/02/%c2%bfes-el-cloud-computing-mas-inseguro/,C,2,362,12,Tecnología,
¿Qué sistema operativo instalo en mi ordenador?,¿que-sistema-operativo-instalo-en-mi-ordenador,2008-11-10,/2008/11/10/%c2%bfque-sistema-operativo-instalo-en-mi-ordenador/,C,1,16,2,Tecnología,
¿Cómo nos comunicamos?,¿como-nos-comunicamos,2008-11-10,/2008/11/10/%c2%bfcomo-nos-comunicamos/,C,2,109,7,Tecnología,
Google ya tiene videoconferencia,google-ya-tiene-videoconferencia,2008-11-12,/2008/11/12/google-ya-tiene-videoconferencia/,C,,134,1,Tecnología,
¿Quieres hacer un estándar vertical en software?,¿quieres-hacer-un-estandard-vertical-en-software,2008-11-17,/2008/11/17/%c2%bfquieres-hacer-un-estandard-vertical-en-software/,B,3,475,11,Tecnología,
¿Cuándo dejo de ser autónomo?,¿cuando-dejo-de-ser-autonomo,2008-11-18,/2008/11/18/%c2%bfcuando-dejo-de-ser-autonomo/,B,4,503,7,Software,autónomo; PYME; software
Google también fracasa,google-tambien-fracasa,2008-11-20,/2008/11/20/google-tambien-fracasa/,C,1,227,2,Software,error; fracaso; google; lively; Second Life
Facebook or Facetoface,facebook-or-facetoface,2008-11-23,/2008/11/23/facebook-or-facetoface/,C,1,79,,Software,facebook; facetoface
App Store de Apple y el Ipod Touch,app-store-de-apple-y-el-ipod-touch,2008-11-23,/2008/11/23/app-store-de-apple-y-el-ipod-touch/,C,1,311,9,Tecnología,app store; iphone; ipod; shazam
¿Hasta cuándo va a durar la crisis?,¿hasta-cuando-va-a-durar-la-crisis,2008-11-23,/2008/11/24/%c2%bfhasta-cuando-va-a-durar-la-crisis/,C,2,142,6,Empresa,crisis
Video sobre filosofía de vida,video-sobre-filosofia-de-vida,2008-11-24,/2008/11/24/video-sobre-filosofia-de-vida/,C,1,63,8,Tecnología,
Teletrabajo,teletrabajo,2008-11-30,/2008/11/30/teletrabajo/,B,3,949,11,Tecnología,
Está naciendo una estrella...,esta-naciendo-una-estrella,2008-12-02,/2008/12/02/esta-naciendo-una-estrella/,C,1,96,3,Velneo,Velneo
Lecciones de Steve (Parte 3),lecciones-de-steve-parte-3,2008-12-03,/2008/12/03/lecciones-de-steve-parte-3/,C,1,322,2,Tecnología,
¿Qué es la fotografía esférica?,¿que-es-la-fotografia-esferica,2008-12-04,/2008/12/04/%c2%bfque-es-la-fotografia-esferica/,C,1,208,2,Tecnología,
Cultura Oriental vs Cultura Occidental,cultura-oriental-vs-cultura-occidental,2008-12-07,/2008/12/07/cultura-oriental-vs-cultura-occidental/,B,3,836,15,Tecnología,china; cultura occidental; cultura oriental
10.000 Aplicaciones en el App Store,10000-aplicaciones-en-el-app-store,2008-12-08,/2008/12/08/10000-aplicaciones-en-el-app-store/,C,2,129,23,Velneo,open apps; Velneo
Amazon en Europa,amazon-en-europa,2008-12-10,/2008/12/10/amazon-en-europa/,C,2,177,8,Software; Velneo,amazon; PaaS/SaaS; SAAS
Recomendaciones para equipos remotos,recomendaciones-para-equipos-remotos,2008-12-11,/2008/12/11/recomendaciones-para-equipos-remotos/,C,2,482,8,Software,equipo remoto; Personas; recursos humanos; teletrabajo; wordpress
¿Qué es el teletrabajo?,¿que-es-el-teletrabajo,2008-12-21,/2008/12/21/%c2%bfque-es-el-teletrabajo/,C,2,181,3,Tecnología,conciliacion; conciliacion laboral; Personas; recursos humanos; teletrabajo
¿Qué es el marketing interno?,¿que-es-el-marketing-interno,2008-12-21,/2008/12/21/%c2%bfque-es-el-marketing-interno/,C,2,403,5,Personas; Tecnología,marketing; marketing interno; Personas
Feliz Navidad,feliz-navidad-2,2008-12-24,/2008/12/24/feliz-navidad-2/,C,1,59,4,Tecnología,
Norma social vs Norma Mercantil,norma-social-vs-norma-mercantil,2008-12-28,/2008/12/28/norma-social-vs-norma-mercantil/,C,2,591,3,Personas; Tecnología,normas mercantiles; normas sociales; trampas del deseo
Carta a los Reyes Magos,carta-a-los-reyes-magos,2008-12-30,/2008/12/30/carta-a-los-reyes-magos/,C,2,477,7,Tecnología,life is soft; Velneo
Vídeo con Juan Muñoz-Cobos en Morzine,con-juan-munoz-cobos-en-morzine,2009-01-05,/2009/01/05/con-juan-munoz-cobos-en-morzine/,C,1,127,6,Velneo,alfonsogu; juan muñoz-cobos; v7; Velneo; velneo v7
¿Cómo gestionar tu dinero?,¿como-gestionar-tu-dinero,2009-01-07,/2009/01/07/%c2%bfcomo-gestionar-tu-dinero/,C,1,92,4,Tecnología,Warren Buffett
¿Cómo gestiono mi tiempo?,mi-tiempo,2009-01-09,/2009/01/09/mi-tiempo/,C,2,438,4,Software,gestion de tiempo; rescuetime
IPC 2009,ipc-2009,2009-01-12,/2009/01/12/ipc-2009/,C,1,110,2,Empresa,ine; ipc
¿Qué es el Plan E?,plan-e-¿crisis-grave,2009-01-12,/2009/01/13/plan-e-%c2%bfcrisis-grave/,C,,70,1,Tecnología,
Qt añade la licencia LGPL,qt-anade-la-licencia-lgpl,2009-01-16,/2009/01/17/qt-anade-la-licencia-lgpl/,C,1,152,1,Tecnología,nokia; qt; Velneo
De vuelta al blog,de-vuelta-al-blog,2009-01-26,/2009/01/26/de-vuelta-al-blog/,C,1,154,1,Tecnología,Velneo
Guión de telemarketing,guion-de-telemarketing,2009-01-26,/2009/01/26/guion-de-telemarketing/,C,2,291,13,Empresa; Tecnología,telemarketing; tmk
La crisis tecnológica,la-crisis-tecnologica,2009-01-27,/2009/01/27/la-crisis-tecnologica/,C,2,284,5,Tecnología,
Lecciones de Steve (Parte 4),lecciones-de-steve-parte-4,2009-01-28,/2009/01/28/lecciones-de-steve-parte-4/,C,2,189,5,Empresa,apple; steve jobs
La Demostración de Software,la-demostracion-de-software,2009-02-02,/2009/02/02/la-demostracion-de-software/,A,5,1007,10,Software,demo; demostracion; preventa; software; venta de software
La Preventa,la-preventa,2009-02-02,/2009/02/02/la-preventa/,C,1,441,2,Software,demo; demostraciones; presentacion; soft; software
Encuesta de Valoración de una Demostración,encuesta-de-valoracion-de-una-demostracion,2009-02-02,/2009/02/02/encuesta-de-valoracion-de-una-demostracion/,C,1,205,2,Software,encuesta; preventa; software; software empresas; venta
El panadero y el long tail,el-panadero-y-el-long-tail,2009-02-03,/2009/02/03/el-panadero-y-el-long-tail/,C,1,241,2,Velneo,foro; Long Tail; open apps; propuesta; Velneo
El Plan V,el-plan-v,2009-02-05,/2009/02/05/el-plan-v/,C,2,355,13,Tecnología,
v7.velneo.es,v7velneoes,2009-02-09,/2009/02/09/v7velneoes/,C,2,99,9,Velneo,estreno; v7; Velneo
Ergonomía y percepción,ergonomia-y-percepcion,2009-02-14,/2009/02/14/ergonomia-y-percepcion/,C,2,594,,Tecnología,cultura; ergonomia; percepción; Psicología Cognitiva (nacimiento); psicologia
Influencia de la Cultura en la Percepción Humana,percepcion-y-cultura,2009-02-14,/2009/02/14/percepcion-y-cultura/,B,3,886,,Personas,cultura; percepción; psicologia; realidad
"Realismo, Idealismo y constructivismo",realismo-idealismo-y-constructivismo,2009-02-14,/2009/02/14/realismo-idealismo-y-constructivismo/,C,1,493,1,Personas,constructivismo; idealismo; psicologia; realismo
Individualismo vs Colectivismo,individualismo-vs-colectivismo,2009-02-14,/2009/02/14/individualismo-vs-colectivismo/,C,1,276,1,Personas,colectivismo; colectivismo social; individualismo; psicologia
Individualismo y Colectivismo en la empresa,individualismo-y-colectivismo-en-la-empresa,2009-02-14,/2009/02/14/individualismo-y-colectivismo-en-la-empresa/,C,1,159,,Empresa,colectivismo; Empresa; individualismo; individuo
¿Qué es el mobbing?,¿que-es-el-mobbing,2009-02-14,/2009/02/14/%c2%bfque-es-el-mobbing/,C,2,629,2,Empresa,acoso; Empresa; mobbing
La cultura y el individuo,la-cultura-y-el-individuo,2009-02-14,/2009/02/14/la-cultura-y-el-individuo/,C,2,153,4,Empresa,colectivismo; cultura; individualismo; psicologia
¿Qué es el relativismo lingüístico?,¿que-es-el-relativismo-linguistico,2009-02-14,/2009/02/14/%c2%bfque-es-el-relativismo-linguistico/,C,1,491,1,Personas,determinismo; psicologia; relativismo; relativismo lingüístico
Relativismo vs Universalismo,relativismo-vs-universalismo,2009-02-14,/2009/02/14/relativismo-vs-universalismo/,C,1,125,,Personas,psicologia; relativismo cultural; universalismo cultural
¿Es sexista el lenguaje?,¿es-sexista-el-lenguaje,2009-02-14,/2009/02/14/%c2%bfes-sexista-el-lenguaje/,C,2,278,3,Personas,lenguaje; lenguaje sexista; lexico; sexista
Universalismo Cultural,universalismo-cultural,2009-02-14,/2009/02/14/universalismo-cultural/,C,1,251,1,Personas,psicologia; relativismo; universalismo
Velneo V7,velneo-v7,2009-02-15,/2009/02/15/velneo-v7/,C,1,226,2,Velneo,
Las App Store para móvil,las-app-store-para-movil,2009-02-17,/2009/02/17/las-app-store-para-movil/,C,2,352,7,Tecnología,app; appstore; mobile; store
¿Qué es el Mifi?,que-es-mifi,2009-02-18,/2009/02/18/que-es-mifi/,C,2,199,13,Tecnología,Mifi; Movil; Wifi
Velneo V7  vs Crisis,velneo-v7-vs-crisis,2009-02-23,/2009/02/23/velneo-v7-vs-crisis/,C,1,175,1,Velneo,v7; Velneo
Querer es Poder,querer-es-poder,2009-03-02,/2009/03/02/querer-es-poder/,C,1,28,4,Tecnología,poder; querer
Surface de Microsoft,surface-de-microsoft,2009-03-03,/2009/03/03/surface-de-microsoft/,C,1,46,4,Tecnología,microsoft; surface
90 Segundos,90-segundos,2009-03-06,/2009/03/06/90-segundos/,C,,32,1,Tecnología,cocacola
¿Cómo licencio mi software?,¿como-licencio-mi-software,2009-03-10,/2009/03/10/%c2%bfcomo-licencio-mi-software/,C,1,191,1,Software,licencias; software
¿Qué es el cloud computing?,¿que-es-el-cloud-computing,2009-03-11,/2009/03/11/%c2%bfque-es-el-cloud-computing/,C,,32,1,Tecnología,cloud; Cloud computing; PaaS/SaaS; SAAS
¿Por qué es una oportunidad el PaaS?,¿por-que-es-una-oportunidad-el-paas,2009-03-16,/2009/03/16/%c2%bfpor-que-es-una-oportunidad-el-paas/,C,1,482,2,Tecnología; Velneo,PaaS/SaaS; plataforma como servicio; Platform as a service; SAAS; Software as a service
¿Qué es Surchur?,¿que-es-surchur,2009-03-17,/2009/03/17/%c2%bfque-es-surchur/,C,2,132,,Tecnología,loogic; surchur
Balance Situación vs Pérdidas y Ganancias,balance-situacion-vs-perdidas-y-ganancias,2009-03-18,/2009/03/18/balance-situacion-vs-perdidas-y-ganancias/,C,1,189,,Tecnología,Balance Situación; P&amp;G; Perdidas y Ganancias
10 Predicciones para el 2009 IDC (SaaS &amp; PaaS),10-predicciones-para-el-2009-idc-saas-paas,2009-03-18,/2009/03/18/10-predicciones-para-el-2009-idc-saas-paas/,C,2,298,7,Tecnología,PaaS/SaaS; plataforma como servicio; Platform as a service; SAAS
Presidente 2.0,presidente-20,2009-03-19,/2009/03/19/presidente-20/,B,4,2273,7,Tecnología,Obama; Presidente 2.0
¿Qué es PMM?,¿que-es-pmm,2009-03-20,/2009/03/20/%c2%bfque-es-pmm/,C,2,374,5,Tecnología,periodo de maduración; periodo medio de maduración; pmm; pmmf
Glosario de Términos Contables,glosario-de-terminos-contables,2009-03-20,/2009/03/20/glosario-de-terminos-contables/,B,3,795,4,Tecnología,Análisis de Económico los Estados Contables; Análisis Financiero de los Estados Contables; Análisis Formal de los Estados Contables; Análisis Patrimonial de los Estados Contables; Aplicación de fondos; Balance; Cobros; Compras; Consumos; contable; Costes; Cuadro de Financiación; Cualidades de la información contable; Cuenta de Resultados; Gastos; glosario; glosario contable; Imagen Fiel; Informe de Gestión; Informe de los Auditores; Ingresos por ventas; Memoria; Origen de fondos; Pagos; Principio de Correlación de Ingresos y Gastos; Principio de devengo; Principio de Empresa en Funcionamiento; Principio de Importancia Relativa; Principio de No Compensación; Principio de Precio de Adquisición; Principio de Prudencia; Principio de Registro; Principio de Uniformidad; ventas
Introducción al SaaS,introduccion-al-saas,2009-03-21,/2009/03/21/introduccion-al-saas/,C,,15,,Tecnología,PaaS/SaaS; plataforma como servicio; Platform as a service; SAAS; Software as a service; software como servicio
"La venta personal en Internet (SaaS, PaaS)",la-venta-personal-en-internet-saas-paas,2009-03-22,/2009/03/22/la-venta-personal-en-internet-saas-paas/,B,3,688,4,Software,comercial; jefe de ventas; PaaS/SaaS; Plataforma com servicio; Platform as a service; SAAS; Software as a service; software como servicio; venta personal
Blackberry vs Apple,blackberry-vs-apple,2009-03-23,/2009/03/23/blackberry-vs-apple/,C,1,22,4,Tecnología,apple; blackberry
Cultura Empresarial tradicional,cultura-empresarial-tradicional,2009-03-31,/2009/03/31/cultura-empresarial-tradicional/,C,2,824,1,Personas,cultura empresarial; moderna; tradicional
Cultura empresarial moderna,cultura-empresarial-moderna,2009-04-02,/2009/04/02/cultura-empresarial-moderna/,B,3,1728,1,Personas,
¿Qué papel juega la Cultura en la organización?,¿que-papel-juega-la-cultura-en-la-organizacion,2009-04-05,/2009/04/05/%c2%bfque-papel-juega-la-cultura-en-la-organizacion/,C,1,256,2,Tecnología,cultura; Empresa; estrategia; organización
¿Quién es la mujer con el mejor físico del mundo?,¿quien-es-la-mujer-con-el-mejor-fisico-del-mundo,2009-04-05,/2009/04/05/%c2%bfquien-es-la-mujer-con-el-mejor-fisico-del-mundo/,C,2,8,5,Tecnología,
Productos de reacción Cultural,productos-de-reaccion-cultural,2009-04-06,/2009/04/06/productos-de-reaccion-cultural/,C,1,249,,Tecnología,invasión cultural; Mecca-Cola; productos de reacción cultural; Razanne; Zamzam-Cola
Google App Engine soporta FORTRAN 77,google-app-engine-soporta-fortran-77,2009-04-06,/2009/04/06/google-app-engine-soporta-fortran-77/,C,2,165,3,PaaS/SaaS,PaaS/SaaS; plataforma como servicio; Platform as a service; SAAS; Software as a service; software como servicio; Velneo
¿Qué es un CPD?,¿que-es-un-cpd,2009-04-11,/2009/04/11/%c2%bfque-es-un-cpd/,C,1,87,7,PaaS/SaaS,PaaS/SaaS; plataforma como servicio; Platform as a service; SAAS; Software as a service; software como servicio; Velneo
¿Qué es TalkPress?,¿que-es-talkpress,2009-04-13,/2009/04/13/%c2%bfque-es-talkpress/,C,2,558,2,Tecnología,automattic; bbpress; SAAS; talkpress; wordpress
Java en Google App Engine,java-en-google-app-engine,2009-04-15,/2009/04/15/java-en-google-app-engine/,C,,90,,Tecnología,Java; PaaS/SaaS; plataforma como servicio; Platform as a service; SAAS; Software as a service; software como servicio; Velneo
Somos la Mejor Empresa para trabajar del 2009 (50 a 100 empleados),somos-la-mejor-empresa-para-trabajar-del-2009-50-a-100-empleados,2009-04-21,/2009/04/21/somos-la-mejor-empresa-para-trabajar-del-2009-50-a-100-empleados/,C,2,424,30,Personas,GPWT; Great place to work; Mejor empresa; Mejor Empresa para Trabajar España
El efecto resaca,el-efecto-resaca,2009-04-29,/2009/04/29/el-efecto-resaca/,C,2,221,6,Personas,
¿Qué es el Assessment Center?,¿que-es-el-assessment-center,2009-05-05,/2009/05/05/%c2%bfque-es-el-assessment-center/,C,1,200,,Personas,Assessment Center
¿Qué es el modelo EFQM?,¿que-es-el-modelo-efqm,2009-05-07,/2009/05/07/%c2%bfque-es-el-modelo-efqm/,C,,99,2,Tecnología,efqm
¿Qué es un dominio .tel?,¿que-es-un-dominio-tel,2009-05-08,/2009/05/08/%c2%bfque-es-un-dominio-tel/,C,1,12,3,Tecnología,.tel
¿Qué es el modelo ABC de costes?,¿que-es-el-modelo-abc-de-costes,2009-05-09,/2009/05/09/%c2%bfque-es-el-modelo-abc-de-costes/,C,1,240,,Empresa,abc; Costes
¿Qué es la gestión por competencias?,¿que-es-la-gestion-por-competencias,2009-05-10,/2009/05/10/%c2%bfque-es-la-gestion-por-competencias/,C,2,140,3,Personas,competencias; gestión
¿Qué son las entrevistas de incidentes críticos?,¿que-son-las-entrevistas-de-incidentes-criticos,2009-05-12,/2009/05/12/%c2%bfque-son-las-entrevistas-de-incidentes-criticos/,C,2,202,3,Personas,
E-business vs Comercio Electrónico,e-business-vs-comercio-electronico,2009-05-14,/2009/05/14/e-business-vs-comercio-electronico/,C,1,440,1,Tecnología,comercio electrónico; E-business
¿Qué es la evaluación del desempeño?,¿que-es-la-evaluacion-del-desempeno,2009-05-17,/2009/05/17/%c2%bfque-es-la-evaluacion-del-desempeno/,C,1,93,,Personas,desempeño
¿Qué es videopress?,¿que-es-videopress,2009-05-18,/2009/05/18/%c2%bfque-es-videopress/,C,1,163,1,Tecnología,alta calidad; video
¿Qué es un emprendedor?,¿eres-un-emprendedor,2009-05-24,/2009/05/24/%c2%bferes-un-emprendedor/,C,1,17,3,Emprendedores,emprendedor; Emprendedores
Publicidad vs Propaganda,publicidad-vs-propaganda,2009-05-27,/2009/05/27/publicidad-vs-propaganda/,C,2,227,5,Tecnología,propaganda; publicidad
¿Te preocupa quién es tu compañero de mesa?,¿te-preocupa-quien-es-tu-companero-de-mesa,2009-05-28,/2009/05/28/%c2%bfte-preocupa-quien-es-tu-companero-de-mesa/,C,2,320,8,Personas; Tecnología,oficina; Personas
La vida en 50 segundos,la-vida-en-50-segundos,2009-06-01,/2009/06/01/la-vida-en-50-segundos/,C,,31,2,Tecnología,
¿Qué licencia de software libre debo usar?,¿que-licencia-de-software-libre-debo-usar,2009-06-02,/2009/06/02/%c2%bfque-licencia-de-software-libre-debo-usar/,B,3,612,2,Software,BSD; EUPL; GPL; licencias software libre; sofware libre
¿Qué es el capital intelectual?,¿que-es-el-capital-intelectual,2009-06-03,/2009/06/03/%c2%bfque-es-el-capital-intelectual/,C,1,191,1,Personas,capital estructural; capital humano; capital intelectual
¿Qué Son los Stakeholders y Su Importancia en las Empresas?,que-son-los-stakeholder,2009-06-04,/2009/06/04/que-son-los-stakeholder/,B,3,690,4,Tecnología,stakeholder
Vídeo Motivación Final Copa de Europa,video-motivacion-final-copa-de-europa,2009-06-05,/2009/06/05/video-motivacion-final-copa-de-europa/,C,1,102,3,Tecnología,
¿Qué es el microblogging?,¿que-es-el-microblogging,2009-06-07,/2009/06/07/%c2%bfque-es-el-microblogging/,C,2,260,4,Tecnología,blog; comunicación; microblogging
¿Qué es el Proyecto Natal?,¿que-es-el-proyecto-natal,2009-06-14,/2009/06/14/%c2%bfque-es-el-proyecto-natal/,C,1,25,3,Tecnología,micrososoft; natal
¿Qué es el vdataclient?,¿que-es-el-vdataclient,2009-06-17,/2009/06/17/%c2%bfque-es-el-vdataclient/,C,2,199,9,Tecnología,vdataclient; Velneo
Costes tradicionales VS ABC,costes-tradicionales-vs-abc,2009-06-19,/2009/06/19/costes-tradicionales-vs-abc/,C,1,141,,Tecnología,abc; costes tracicionales
¿Sabías que..?,¿sabias-que,2009-06-21,/2009/06/21/%c2%bfsabias-que/,C,1,1,4,Tecnología,conocimiento; resumen 2008
¿Qué es Cloud Computing?,¿que-es-cloud-computing,2009-06-22,/2009/06/22/%c2%bfque-es-cloud-computing/,C,1,394,,Tecnología,PaaS/SaaS; plataforma como servicio; SAAS
8 Errores del proceso de cambio,8-errores-del-proceso-de-cambio,2009-06-23,/2009/06/23/8-errores-del-proceso-de-cambio/,C,2,485,4,Emprendedores,
¿Qué tengo que enseñar en una demo de software?,¿que-tengo-que-ensenar-en-una-demo-de-software,2009-06-28,/2009/06/28/%c2%bfque-tengo-que-ensenar-en-una-demo-de-software/,C,2,408,4,Software,demo; software
El camino está lleno de obstáculos..,el-camino-esta-lleno-de-obstaculos,2009-06-29,/2009/06/29/el-camino-esta-lleno-de-obstaculos/,C,,80,,Personas,autosuperación
¿Cómo motivar?,¿como-motivar,2009-06-30,/2009/06/30/%c2%bfcomo-motivar/,B,4,1243,14,Personas,
Una tarde con Juan,una-tarde-con-juan,2009-07-01,/2009/07/01/una-tarde-con-juan/,C,1,286,6,Personas,
La Gestión del Cambio en el Software,la-gestion-del-cambio-en-el-software,2009-07-05,/2009/07/05/la-gestion-del-cambio-en-el-software/,B,4,1186,10,Tecnología,gestión del cambio; software
8 Conceptos básicos para la excelencia,8-conceptos-basicos-para-la-excelencia,2009-07-08,/2009/07/08/8-conceptos-basicos-para-la-excelencia/,C,1,348,1,Tecnología,
En 10 palabras y 5 minutos. ¿Cómo pasar la crisis?,en-10-palabras-y-5-minutos-¿como-pasar-la-crisis,2009-07-16,/2009/07/16/en-10-palabras-y-5-minutos-%c2%bfcomo-pasar-la-crisis/,C,1,30,5,Tecnología,crisis; video
Viaje a Boston,viaje-a-boston,2009-08-11,/2009/08/11/viaje-a-boston/,C,2,737,7,Viajes,areopuerto; camping King; Palafrugell; pasaporte
Viaje a Boston 2,viaje-a-boston-2,2009-08-12,/2009/08/12/viaje-a-boston-2/,C,2,761,8,Viajes,
Y tu ¿Qué quieres ser de mayor?,y-tu-¿que-quieres-ser-de-mayor,2009-08-14,/2009/08/14/y-tu-%c2%bfque-quieres-ser-de-mayor/,C,1,1,4,Tecnología,
Evolución de Internet,evolucion-de-internet,2009-08-24,/2009/08/24/evolucion-de-internet/,C,,15,,Tecnología,evolución; internet; web 2.0; Web 3.0
La Regla 1-9-90,la-regla-1-9-90,2009-08-26,/2009/08/26/la-regla-1-9-90/,C,2,404,4,Software,Groundswell; Jakob Nielsen; regla del 1-9-90; social media
Tendencias de Navegación Web,tendencias-de-navegacion-web,2009-08-31,/2009/08/31/tendencias-de-navegacion-web/,B,3,433,5,Tecnología,facebook; navegar; twitter; Velneo; velneo v7; web
Las vueltas que da la vida,las-vueltas-que-da-la-vida-2,2009-09-01,/2009/09/01/las-vueltas-que-da-la-vida-2/,C,1,45,1,Citas,
¿Cómo está el mercado de OS en móviles?,¿como-esta-el-mercado-de-os-en-moviles,2009-09-02,/2009/09/02/%c2%bfcomo-esta-el-mercado-de-os-en-moviles/,C,2,340,3,Tecnología,apple; cuota mercado; mercado; microsoft; Movil; nokia; os; rim; smartphone
¿Qué relación existe entre las diferentes estrategias?,¿que-relacion-existe-entre-las-diferentes-estrategias,2009-09-07,/2009/09/07/%c2%bfque-relacion-existe-entre-las-diferentes-estrategias/,C,1,242,,Software,estrategia global; unidad de negocio
¿Qué es Business of Software?,¿que-es-business-of-software,2009-09-09,/2009/09/09/%c2%bfque-es-business-of-software/,C,,399,,Tecnología,Business of Software; Joel on Software; video
Fases implantación control de gestión,fases-implantacion-control-de-gestion,2009-09-10,/2009/09/10/fases-implantacion-control-de-gestion/,C,2,434,1,Empresa,control de gestión; fases; implantación
¿Qué es el cloud computing?,¿que-es-el-cloud-computing-2,2009-09-14,/2009/09/14/%c2%bfque-es-el-cloud-computing-2/,C,1,42,3,Software,Cloud computing; PaaS/SaaS; SAAS
¿Qué está cambiando en el Marketing?,¿esta-cambiando-el-marketing,2009-09-15,/2009/09/15/%c2%bfesta-cambiando-el-marketing/,C,,46,,Empresa,cambio; internet; marketing
¿Qué son las variables de control?,¿que-son-las-variables-de-control,2009-09-16,/2009/09/16/%c2%bfque-son-las-variables-de-control/,C,2,314,5,Empresa,control gestión; variables control
¿Cuáles son nuestras distracciones digitales?,¿cuales-son-nuestra-distracciones-digitales,2009-09-17,/2009/09/17/%c2%bfcuales-son-nuestra-distracciones-digitales/,C,1,87,,Tecnología,distracción; distracción digital
¿Qué es la web 3.0?,¿que-es-la-web-3-0,2009-09-21,/2009/09/21/%c2%bfque-es-la-web-3-0/,C,,63,,Software,vídeos; web  1.0; web 2.0; Web 3.0
Nokia - el portatil,nokia-el-portatil,2009-09-24,/2009/09/24/nokia-el-portatil/,C,1,89,3,Velneo,nokia; portatil; qt; Velneo
¿Es bueno el fracaso?,¿es-bueno-el-fracaso,2009-09-28,/2009/09/28/%c2%bfes-bueno-el-fracaso/,C,2,282,13,Emprendedores,crisis; fracasar; fracaso; problemas
¿Cómo mejorar la organización personal?,¿como-mejorar-la-organizacion,2009-09-29,/2009/09/29/%c2%bfcomo-mejorar-la-organizacion/,C,2,251,7,Empresa,mejorar; organización; simple
¿Cómo mejorar el sign-up de tu web?,¿como-mejorar-el-sign-up-de-tu-web,2009-09-30,/2009/09/30/%c2%bfcomo-mejorar-el-sign-up-de-tu-web/,C,2,150,6,Software,Designing for the Social Web; Joshua Porter; sing-up; social web; vender por web; web
¿Qué es Fondo de maniobra necesario?,¿que-es-fondo-de-maniobra-necesario,2009-10-01,/2009/10/01/%c2%bfque-es-fondo-de-maniobra-necesario/,C,1,159,,Empresa,fonde maniobra; fondo maniobra
Trabajar mucho ¿es bueno?,trabajar-mucho-¿es-bueno,2009-10-05,/2009/10/05/trabajar-mucho-%c2%bfes-bueno/,C,2,371,15,Emprendedores,Emprendedores; productividad; trabajar duro
Los bancos según Thomas Jefferson,los-bancos-segun-thomas-jefferson,2009-10-06,/2009/10/06/los-bancos-segun-thomas-jefferson/,B,3,103,4,Empresa,bancos; Thomas Jefferson
La tiranía del pensamiento empobrecido,la-tirania-del-pensamiento-empobrecido,2009-10-07,/2009/10/07/la-tirania-del-pensamiento-empobrecido/,C,1,176,,Personas,motivacion; pensamiento
¿Qué es liderar?,¿que-es-liderar,2009-10-08,/2009/10/08/%c2%bfque-es-liderar/,C,1,44,6,Emprendedores,liderar; liderar video
Sabías que.. (4.0),sabias-que-4-0,2009-10-12,/2009/10/12/sabias-que-4-0/,C,,12,2,Software,sabías que; vídeos
¿Qué es la teoría del subconsumo?,¿que-es-la-teoria-del-subconsumo,2009-10-13,/2009/10/13/%c2%bfque-es-la-teoria-del-subconsumo/,C,2,323,6,Empresa,subconsumo
Código de comercio y Legislación Mercantil,codigo-de-comercio-y-legislacion-mercantil,2009-10-14,/2009/10/14/codigo-de-comercio-y-legislacion-mercantil/,C,,61,,Empresa,Código de comercio; Legislación Mercantil
La frase del día,la-frase-del-dia,2009-10-15,/2009/10/15/la-frase-del-dia/,C,2,68,2,Citas,frase; productividad; tiempo
Hay que reconocer cuando te equivocas,hay-que-reconocer-cuando-te-equivocas,2009-10-19,/2009/10/19/hay-que-reconocer-cuando-te-equivocas/,B,3,627,24,Emprendedores,
Vuelta a casa....,vuelta-a-casa,2009-10-22,/2009/10/22/vuelta-a-casa/,C,2,135,6,Personas,vuelta a casa
Las tiendas de Microsoft,las-tiendas-de-microsoft,2009-10-26,/2009/10/26/las-tiendas-de-microsoft/,C,,86,1,Empresa,microsoft; microsoft store; tienda microsoft
El poder de la mente,el-poder-de-la-mente,2009-10-27,/2009/10/27/el-poder-de-la-mente/,C,2,92,10,Tecnología,mente; poder de la mente; winston churchill
Paradoja de Los cristales rotos,paradoja-de-los-cristales-rotos,2009-10-28,/2009/10/28/paradoja-de-los-cristales-rotos/,C,2,471,8,Empresa,ayudas del gobierno; economía; paradoja
¿Qué es Paranormal Activity?,¿que-es-paranormal-activity,2009-10-29,/2009/10/29/%c2%bfque-es-paranormal-activity/,C,,158,,Tecnología,Paranormal Activity
¿Qué es una directora de cuentas?,¿que-es-una-directora-de-cuentas,2009-11-02,/2009/11/02/%c2%bfque-es-una-directora-de-cuentas/,C,1,26,4,Personas,director; directora de cuentas
¿Cuál es la visión de Google?,¿cual-es-la-vision-de-google,2009-11-03,/2009/11/03/%c2%bfcual-es-la-vision-de-google/,C,1,422,3,Tecnología,Eric Smith; google; misión; visión
¿Cómo nos comunicamos en 2009?,¿como-nos-comunicamos-2,2009-11-05,/2009/11/05/%c2%bfcomo-nos-comunicamos-2/,C,2,151,3,Personas,comunicación; cumpleaños; felicitación
Windows 7  VS  Snow Leopard,windows-7-vs-snow-leopard,2009-11-09,/2009/11/09/windows-7-vs-snow-leopard/,C,,23,,Empresa,apple; microsoft; Snow Leopoard; windows7
¿Qué es el Tratado de Lisboa?,¿que-es-el-tratado-de-lisboa,2009-11-10,/2009/11/10/%c2%bfque-es-el-tratado-de-lisboa/,C,2,502,1,Personas,lisboa; tratado; tratado de lisboa; unión europea
¿Quién es Alessandro Cigno?,¿quien-es-alessandro-cigno,2009-11-12,/2009/11/12/%c2%bfquien-es-alessandro-cigno/,C,1,370,,Personas,aessandro cigno
"¿Cuál es la evolución de Apple, Google, IBM y Microsoft?",¿cual-es-la-evolucion-de-apple-google-ibm-y-microsoft,2009-11-16,/2009/11/16/%c2%bfcual-es-la-evolucion-de-apple-google-ibm-y-microsoft/,C,2,145,3,Tecnología,apple; google; IBM; microsoft
¿Qué es un briefing?,¿que-es-un-briefing,2009-11-17,/2009/11/17/%c2%bfque-es-un-briefing/,C,,1,,Personas,briefing
El fracaso es el camino hacia el éxito.,el-fracaso-es-el-camino-hacia-el-exito,2009-11-30,/2009/11/30/el-fracaso-es-el-camino-hacia-el-exito/,B,4,1017,6,Personas,exito; fracaso
¿Qué quiere solucionar el Tratado de Kioto?,¿que-quiere-solucionar-el-tratado-de-kioto,2009-12-02,/2009/12/02/%c2%bfque-quiere-solucionar-el-tratado-de-kioto/,C,2,625,2,Tecnología,cambio climático; kioto; tratado
Líder vs Gerente,lider-vs-gerente,2009-12-09,/2009/12/09/lider-vs-gerente/,C,,40,1,Empresa,gerente; geston; lider
¿Cómo ganar dinero/money?,¿como-ganar-dineromoney,2009-12-14,/2009/12/14/%c2%bfcomo-ganar-dineromoney/,C,1,345,,Emprendedores,dinero; ganar dinero; ganar money; money
¿Cómo gestionar las reuniones?,¿como-gestionar-las-reuniones,2009-12-15,/2009/12/15/%c2%bfcomo-gestionar-las-reuniones/,C,1,418,,Empresa,reunión
¿Cuál es el vídeo más visto del 2009?,¿cual-es-el-video-mas-visto-del-2009,2009-12-17,/2009/12/17/%c2%bfcual-es-el-video-mas-visto-del-2009/,C,1,86,1,Personas,Susan Boyle; video
Propiedad vs Alquiler,propiedad-vs-alquiler,2009-12-23,/2009/12/23/propiedad-vs-alquiler/,B,3,647,6,PaaS/SaaS,PaaS/SaaS; pago por uso; SAAS; software a service
Velneo factura en 25 Países,velneo-factura-en-25-paises,2009-12-28,/2009/12/28/velneo-factura-en-25-paises/,C,2,257,16,Velneo,internacionalización; Velneo
10 Mitos sobre emprendedores.,10-mitos-sobre-emprendedores,2010-01-11,/2010/01/11/10-mitos-sobre-emprendedores/,B,3,561,4,Emprendedores,emprendedor; Emprendedores
¿Qué es la Resiliencia?,¿que-es-la-resiliencia,2010-01-18,/2010/01/18/%c2%bfque-es-la-resiliencia/,C,1,284,8,Tecnología,Resiliencia
Viaje sin vuelta,viaje-sin-vuelta,2010-01-25,/2010/01/25/viaje-sin-vuelta/,B,3,543,11,Personas,
Lecciones de Steve Jobs (Parte 5),lecciones-de-steve-jobs-parte-5,2010-01-26,/2010/01/26/lecciones-de-steve-jobs-parte-5/,C,1,227,,Tecnología,diseño; steve jobs; usabilidad
El efecto del ahora,el-poder-del-ahora,2010-02-01,/2010/02/01/el-poder-del-ahora/,B,3,620,7,Empresa; Personas,futuro; pasado; presente
¿Virus en Facebook?,¿virus-en-facebook,2010-02-11,/2010/02/11/%c2%bfvirus-en-facebook/,C,1,159,,Software,facebook; tua foto; virus
¿Qué es Google Buzz?,¿que-es-google-buzz,2010-02-16,/2010/02/16/%c2%bfque-es-google-buzz/,B,3,511,8,Software,buzz; facebook; twitter; yammer
¿Cuántas empresas de software hay en españa?,¿cuantas-empresas-de-software-hay-en-espana,2010-02-18,/2010/02/18/%c2%bfcuantas-empresas-de-software-hay-en-espana/,C,2,157,7,Tecnología,empresas; software
Caída de Wordpress,caida-de-wordpress,2010-02-19,/2010/02/19/caida-de-wordpress/,C,1,171,,PaaS/SaaS,caida; failure; fallo; wordpress
¿Tiene miedo Microsoft de Google Apps?,¿tiene-miedo-microft-de-google-apps,2010-02-22,/2010/02/22/%c2%bftiene-miedo-microft-de-google-apps/,C,,86,,Software,google; Google Apps; microsoft
¿Qué es el bloqueo duro?,¿que-es-el-bloqueo-duro,2010-02-25,/2010/02/25/%c2%bfque-es-el-bloqueo-duro/,C,1,83,9,Velneo,bloqueo duro; Velneo
"Google, Telefónica, RIM y Velneo",google-telefonica-rim-y-velneo,2010-03-01,/2010/03/01/google-telefonica-rim-y-velneo/,C,2,391,6,Tecnología; Velneo,google; Movil; rim; Teléfonica; Velneo
"Indios, vaqueros y mentiras de guardar",indios-vaqueros-y-mentiras-de-guardar,2010-03-02,/2010/03/02/indios-vaqueros-y-mentiras-de-guardar/,C,1,200,14,Personas,etica; filosofia; religión
Velneo integración con Google y Skype,velneo-integracion-con-google-y-skype,2010-03-04,/2010/03/04/velneo-integracion-con-google-y-skype/,C,2,178,5,Velneo,gcalendar; google; skype; Velneo
"Rework, nuevo libro de 37signals",rework-nuevo-libro-de-37signals,2010-03-08,/2010/03/08/rework-nuevo-libro-de-37signals/,C,,109,,1937,37signals; basecamp
Motivación Guardiola,motivacion-guardiola,2010-03-15,/2010/03/15/motivacion-guardiola/,C,1,57,4,Personas,
¿Qué personalidad tiene tu software?,¿que-personalidad-tiene-tu-software,2010-03-23,/2010/03/23/%c2%bfque-personalidad-tiene-tu-software/,C,2,122,3,Software,aplicaciones; personalidad; programas; soft; software
¿De qué vive Google?,¿de-que-vive-google,2010-03-29,/2010/03/29/%c2%bfde-que-vive-google/,C,1,153,2,Tecnología,adwordpres; google; Google Apps
Cambio del IVA de 2010. El software,cambio-del-iva-de-2010-el-software,2010-03-31,/2010/03/31/cambio-del-iva-de-2010-el-software/,C,2,323,6,Tecnología,2010; cambio de iva; software
¿Cuánto valen las ideas?,¿cuanto-valen-las-ideas,2010-04-04,/2010/04/04/%c2%bfcuanto-valen-las-ideas/,C,1,40,10,Tecnología,alfonsogu; emprender; ideas; iniciador
Fracaso todos lo días,fracaso-todos-lo-dias,2010-04-07,/2010/04/07/fracaso-todos-lo-dias/,C,1,81,4,Empresa,alfonsogu; exito; fracaso; iniciador
5 Pasos para conseguir cambiar hábitos.,5-pasos-para-conseguir-cambiar-habitos,2010-04-19,/2010/04/19/5-pasos-para-conseguir-cambiar-habitos/,C,2,484,5,Empresa,cambio; habito; mejora
Visual MS/Mejores empresas para trabajar en España 2009-2010,visual-msmejores-empresas-para-trabajar-en-espana-2009-2010,2010-04-22,/2010/04/22/visual-msmejores-empresas-para-trabajar-en-espana-2009-2010/,C,2,267,11,Tecnología,GPTW; mejor empresa para trabajar; ranking
Velneo V7 y Skype,velneo-v7-y-skype,2010-04-28,/2010/04/28/velneo-v7-y-skype/,C,,84,2,Tecnología,
James Gosling deja Sun. ¿Qué pasará con Java?,james-gosling-deja-sun-¿que-pasara-con-java,2010-04-29,/2010/04/29/james-gosling-deja-sun-%c2%bfque-pasara-con-java/,C,2,417,3,Tecnología,
¿Qué es la pereza digital?,¿que-es-la-pereza-digital,2010-05-05,/2010/05/05/%c2%bfque-es-la-pereza-digital/,C,1,212,2,Personas,blog; internet; pereza; social media
La era del Gadget. Episodio I,la-era-del-gadget-episodio-i,2010-05-09,/2010/05/09/la-era-del-gadget-episodio-i/,C,2,502,2,Tecnología,apple; gadget; ipad; iphone; microsoft
¿Cómo tener suerte?,busco-suerte-y-¿tu,2010-05-12,/2010/05/12/busco-suerte-y-%c2%bftu/,C,1,27,5,Tecnología,iniciador; suerte
"Papa, ¿Por qué somos del Atleti?",papa-¿por-que-somos-del-atleti,2010-05-13,/2010/05/13/papa-%c2%bfpor-que-somos-del-atleti/,C,1,297,5,Personas,
¿Cuáles son las previsiones económicas del mundo?,¿cuales-son-las-previsiones-economicas-del-mundo,2010-05-17,/2010/05/17/%c2%bfcuales-son-las-previsiones-economicas-del-mundo/,C,1,108,,Emprendedores,china; crisis; economía; india; mundial
¿Somos más inteligentes que los monos?,¿somos-mas-inteligentes-que-los-monos,2010-05-18,/2010/05/18/%c2%bfsomos-mas-inteligentes-que-los-monos/,C,1,19,6,Personas,capacidad intelectual; inteligencia; monos
Desarrollo de Aplicaciones Empresariales móviles,desarrollo-aplicaciones-empresariales-moviles,2010-05-24,/2010/05/24/desarrollo-aplicaciones-empresariales-moviles/,C,1,167,6,Tecnología,aplicaciones empresariales; internet; Movil
La era del Gadget. Episodio II  (Google ataca a Apple),la-era-del-gadget-episodio-ii-google-ataca-a-apple,2010-05-25,/2010/05/25/la-era-del-gadget-episodio-ii-google-ataca-a-apple/,C,1,397,2,Tecnología,android; apple; device; gadget; google
Acceso a Internet en China,acceso-a-internet-en-china,2010-05-27,/2010/05/27/acceso-a-internet-en-china/,C,2,128,4,Tecnología,acceso; china; internet
IPAD o IPHONE. ¿Qué se creó primero?,ipad-o-iphone-¿que-se-creo-primero,2010-06-15,/2010/06/15/ipad-o-iphone-%c2%bfque-se-creo-primero/,C,,39,2,Tecnología,apple; ipad; ipod; steve jobs; video
Priorizar en el Software,priorizar-en-el-software,2010-06-16,/2010/06/16/priorizar-en-el-software/,B,3,528,17,Tecnología,
Problemas del software empresarial,problemas-del-software-empresarial,2010-06-21,/2010/06/21/problemas-del-software-empresarial/,C,,205,1,Tecnología,integración; larry ellison; migración; software empresarial
¿Qué es la visión de una empresa?,¿que-es-la-vision-de-una-empresa,2010-06-22,/2010/06/22/%c2%bfque-es-la-vision-de-una-empresa/,B,3,448,7,Empresa,cuadro de mando; estrategia; misión; valores; visión
¿Qué es Facetime? Videoconferencia Móvil,¿que-es-facetime-videoconferencia-movil,2010-06-23,/2010/06/23/%c2%bfque-es-facetime-videoconferencia-movil/,C,,176,1,Tecnología,Movil; nokia; videoconferencia
Definición de Misión de una Empresa,definicion-de-mision-de-una-empresa,2010-06-28,/2010/06/28/definicion-de-mision-de-una-empresa/,C,2,446,,Emprendedores; Empresa,estrategia; misión; valores; visión
¿Qué es un plan de Negocio?,¿que-es-un-plan-de-negocio,2010-07-05,/2010/07/05/%c2%bfque-es-un-plan-de-negocio/,C,2,283,1,Empresa,business plan; plan; plan negocio
¿Qué es un plan estratégico?,¿que-es-un-plan-estrategico,2010-07-07,/2010/07/07/%c2%bfque-es-un-plan-estrategico/,C,2,306,1,Tecnología,
¿Cómo presentar un producto - empresa?.,¿como-presentar-un-producto-empresa,2010-07-08,/2010/07/08/%c2%bfcomo-presentar-un-producto-empresa/,C,1,126,6,Empresa,Empresa; producto; ted
El efecto avión,el-efecto-avion,2010-07-13,/2010/07/13/el-efecto-avion/,C,2,248,3,Personas,equipos; Personas; Tecnología
Gestión de conflictos,gestion-conflictos,2010-07-14,/2010/07/14/gestion-conflictos/,B,4,1133,3,Personas,conflictos; discusiones; problemas
¿A dónde exportan las empresas Españolas?,¿a-donde-exportan-las-empresas-espanolas,2010-07-20,/2010/07/20/%c2%bfa-donde-exportan-las-empresas-espanolas/,C,1,98,,Emprendedores,empresas; exportación; países exportación
¿En qué se parecen Google y Apple?,¿en-que-se-parecen-google-y-apple,2010-07-22,/2010/07/22/%c2%bfen-que-se-parecen-google-y-apple/,C,,37,1,Empresa,apple; google; valores
Reiniciando..... Vacaciones,reiniciando-vacaciones,2010-08-30,/2010/08/30/reiniciando-vacaciones/,C,2,214,5,Personas,reiniciar; vacaciones
¿Cúal es el impacto de las redes sociales?,¿cual-es-el-impacto-de-las-redes-sociales,2010-08-31,/2010/08/31/%c2%bfcual-es-el-impacto-de-las-redes-sociales/,C,,54,,Tecnología,facebook; twitter
¿Cómo convertir mi Nokia en una base Wifi?,¿como-convertir-mi-nokia-en-una-base-wifi,2010-09-02,/2010/09/02/%c2%bfcomo-convertir-mi-nokia-en-una-base-wifi/,C,1,184,1,Tecnología,joiku; Movil; software; Tethering
¿Qué es una sociedad limitada?,¿que-es-una-sociedad-limitada,2010-09-06,/2010/09/06/%c2%bfque-es-una-sociedad-limitada/,C,1,339,,Tecnología,
N9 vs Iphone 4 vs HTC,n9-vs-iphone-4-vs-htc,2010-09-08,/2010/09/08/n9-vs-iphone-4-vs-htc/,C,,35,2,Tecnología,android; apple 4; htc; iphone
Grandes frases de Programadores,grandes-frases-de-programadores,2010-09-09,/2010/09/09/grandes-frases-de-programadores/,C,2,24,,Software,programadores
¿Qué es el Nokia 888?,¿que-es-el-nokia-888,2010-09-13,/2010/09/13/%c2%bfque-es-el-nokia-888/,C,1,32,3,Empresa,
¿Cuál es la estrategia de Nokia?,¿cual-es-la-estrategia-de-nokia,2010-09-16,/2010/09/16/%c2%bfcual-es-la-estrategia-de-nokia/,B,4,673,5,Empresa,
"Pekin, la ciudad de los contrastes",pekin-la-ciudad-de-los-contrastes,2010-09-20,/2010/09/20/pekin-la-ciudad-de-los-contrastes/,C,2,339,8,Tecnología; Viajes,china; contrastes; pekin
Grandes Frases de programadores 2,grandes-frases-de-programadores-2,2010-09-21,/2010/09/21/grandes-frases-de-programadores-2/,C,2,27,3,Tecnología,
Los problemas de Google en China,los-problemas-de-google-en-china,2010-09-27,/2010/09/27/los-problemas-de-google-en-china/,C,1,422,2,Empresa,censura; china; google
¿Qué hay que saber para invertir en china?,¿que-hay-que-saber-para-invertir-en-china,2010-09-28,/2010/09/28/%c2%bfque-hay-que-saber-para-invertir-en-china/,C,2,818,2,Empresa,china; inversion
Grandes Frases de Programadores 3,grandes-frases-de-programadores-3,2010-09-30,/2010/09/30/grandes-frases-de-programadores-3/,C,1,32,2,Tecnología,
Claves para Invertir en China,claves-para-invertir-en-china,2010-10-07,/2010/10/07/claves-para-invertir-en-china/,B,4,1003,4,Empresa; Viajes,camaras de comercio; china; inversion; pekin
alfonsogu.com supera las 500.000 visitas. THANKS,gracias-alfonsogu-com-supera-las-500-000-visitas,2010-10-08,/2010/10/08/gracias-alfonsogu-com-supera-las-500-000-visitas/,C,2,159,8,Emprendedores; Tecnología,alfonsogu; alfonsogu.com; VISITAS
Vídeo de un coche sin conductor que recorre 250.000 KM,video-de-un-coche-sin-conductor-que-recorre-250-000-km,2010-10-10,/2010/10/10/video-de-un-coche-sin-conductor-que-recorre-250-000-km/,C,1,180,2,Tecnología,coches que se conducen solos; google car
Cámara de Comercio Española en China (Shanghai),camara-de-comercio-espanola-en-china-shanghai,2010-10-11,/2010/10/11/camara-de-comercio-espanola-en-china-shanghai/,C,2,269,7,Empresa; Viajes,
Después de un mal momento sólo viene uno bueno,despues-de-un-mal-momento-solo-viene-uno-bueno,2010-10-13,/2010/10/13/despues-de-un-mal-momento-solo-viene-uno-bueno/,C,1,137,5,Personas,exito; fracaso
Grandes frases de programadores 4,grandes-frases-de-programadores-4,2010-10-14,/2010/10/14/grandes-frases-de-programadores-4/,C,2,22,,Tecnología,desarrollo; grandes frases de progranación
¿Cómo crear buenas Presentaciones?,¿como-crear-buenas-presentaciones,2010-10-15,/2010/10/15/%c2%bfcomo-crear-buenas-presentaciones/,C,1,133,15,Tecnología,hacer buenas presentaciones; presentaciones; steve jobs
¿Qué es un buen diseño?,¿que-es-un-buen-diseno,2010-10-18,/2010/10/18/%c2%bfque-es-un-buen-diseno/,C,,225,,Tecnología,buén diseño; Dieter Rams; diseño; Jonathan Iven
Mejores libros sobre la experiencia de usuario en Software,mejores-libros-sobre-la-experiencia-de-usuario-en-software,2010-10-21,/2010/10/21/mejores-libros-sobre-la-experiencia-de-usuario-en-software/,C,1,130,2,Tecnología,experiencia usuario; libros sobre la experiencia usuario; software
¿Qué hay que saber sobre Hong Kong?,¿que-hay-que-saber-sobre-hong-kong,2010-10-25,/2010/10/25/%c2%bfque-hay-que-saber-sobre-hong-kong/,B,3,622,10,Empresa; Viajes,china hong kong; Hong Kong; inversion
Grandes Frases de Programadores 5,grandes-frases-de-programadores-5,2010-10-26,/2010/10/26/grandes-frases-de-programadores-5/,C,1,20,1,Tecnología,frases; frases de programadores
Nokia.QT.Velneo.Comunidad. La mejor noticia del año,nokia-qt-velneo-comunidad-la-mejor-noticia-del-ano,2010-10-27,/2010/10/27/nokia-qt-velneo-comunidad-la-mejor-noticia-del-ano/,B,3,977,7,Tecnología; Velneo,noka; nokia qt; qt; Rich Green; Stephen Elop (CEO; Velneo; velneo v7
¿Qué pasa si eres el líder de mercado?,¿que-pasa-si-eres-el-lider-de-mercado,2010-10-28,/2010/10/28/%c2%bfque-pasa-si-eres-el-lider-de-mercado/,C,1,415,,Tecnología,lider; lider del mercado; mercado
Listado de consultoras Españolas en Shangai,listado-de-consultoras-espanolas-en-shangai,2010-10-29,/2010/10/29/listado-de-consultoras-espanolas-en-shangai/,C,2,583,3,Tecnología,china; consultores; shangai
"Hong Kong, Canton y Shenzhen",hong-kong-canton-y-shenzhen,2010-11-02,/2010/11/02/hong-kong-canton-y-shenzhen/,C,2,197,3,Tecnología,Canton; Canton y Shenzhen; Hong Kong; Shenzhen
Grandes Frases de Programadores 6,grandes-frases-de-programadores-6,2010-11-03,/2010/11/03/grandes-frases-de-programadores-6/,C,2,18,,Citas,frases; frases de programadores; programadores; REFRANES
El negocio del software en China,el-negocio-del-software-en-china,2010-11-22,/2010/11/22/el-negocio-del-software-en-china/,C,1,250,2,Viajes,Canton; china; Shenzhen
Grandes Frases de Programadores 7,grandes-frases-de-programadores-7,2010-11-24,/2010/11/24/grandes-frases-de-programadores-7/,C,2,26,,Tecnología,frases de programadores; grandes frases de progranación; programadores
ICEX en Shangai,icex-en-shangai,2010-11-29,/2010/11/29/icex-en-shangai/,C,1,291,,Tecnología,china; icex; shangai
Shanghai,shangai,2010-12-08,/2010/12/08/shangai/,C,1,188,2,Viajes,china; shangai
¿Cómo empezó Visual MS?,¿como-empezo-visual-ms,2010-12-13,/2010/12/13/%c2%bfcomo-empezo-visual-ms/,C,1,73,6,Emprendedores,comienzo; Visual MS
El valor financiero de la motivación,el-valor-economico-de-la-motivacion,2010-12-15,/2010/12/15/el-valor-economico-de-la-motivacion/,C,1,123,,Empresa; Personas,cperez; valo
Consejos para hacer presentaciones,consejos-para-hacer-presentaciones,2010-12-16,/2010/12/16/consejos-para-hacer-presentaciones/,C,1,208,1,Empresa,
David de la era Internet,david-de-la-era-internet,2010-12-20,/2010/12/20/david-de-la-era-internet/,C,1,312,1,Tecnología,
Grandes Frases de Programadores 8,grandes-frases-de-programadores-8,2010-12-22,/2010/12/22/grandes-frases-de-programadores-8/,B,3,11,6,Tecnología,
¿Necesito un diseñador en mi empresa?,¿necesito-un-disenador-en-mi-empresa,2010-12-27,/2010/12/27/%c2%bfnecesito-un-disenador-en-mi-empresa/,C,,140,1,Tecnología,diseñadores; diseño
Acaba el 2010 y empieza una década,acaba-el-2010-y-empieza-una-decada,2010-12-31,/2010/12/31/acaba-el-2010-y-empieza-una-decada/,C,2,326,4,Personas,2010; decada
Los números de 2010. alfonsogu.com,los-numeros-de-2010,2011-01-02,/2011/01/02/los-numeros-de-2010/,C,2,268,,Software,alfonsogu; números 2010
Grandes Frases de Programadores 9,grandes-frases-de-programadores-7-2,2011-01-05,/2011/01/05/grandes-frases-de-programadores-7-2/,C,2,19,1,Tecnología,frase; grandes frases programacion; programadores
La deuda en formato tetris,la-deuda-en-formato-tetris,2011-01-06,/2011/01/06/la-deuda-en-formato-tetris/,C,,42,2,Empresa,deuda; tetris
"Personas, datos e interface",personas-datos-e-interface,2011-01-10,/2011/01/10/personas-datos-e-interface/,C,2,83,8,Empresa; Tecnología,datos; diseño; interface; usabilidad
¿Qué son las aportaciones pecuniarias?,¿que-son-las-aportaciones-pecuniarias,2011-01-11,/2011/01/11/%c2%bfque-son-las-aportaciones-pecuniarias/,C,1,146,,Empresa; Tecnología,
¿Cómo nos comunicamos 2010?,¿como-nos-comunicamos-2010,2011-01-12,/2011/01/12/%c2%bfcomo-nos-comunicamos-2010/,C,1,121,2,Personas,
Comiendo tu propia comida de perro,comiendo-tu-propia-comida-de-perro,2011-01-17,/2011/01/17/comiendo-tu-propia-comida-de-perro/,C,2,462,8,Tecnología; Velneo,Eating your own dog food
El éxito en la empresa,el-exito-en-la-empresa,2011-01-18,/2011/01/18/el-exito-en-la-empresa/,C,2,21,,Tecnología,
¿Qué falta? vs ¿Qué sobra?,¿que-falta-vs-¿que-sobra,2011-01-26,/2011/01/26/%c2%bfque-falta-vs-%c2%bfque-sobra/,C,,181,1,Empresa,
Velneo Open Apps 2011,open-apps-2011,2011-01-31,/2011/01/31/open-apps-2011/,C,2,290,4,Tecnología,
Ser mejor,ser-mejor,2011-02-03,/2011/02/03/ser-mejor/,C,2,24,3,Personas,
"Críticos, gruñones, cenizos, impagados, bocazas y demás jungla",criticos-grunones-cenizos-impagados-bocazas-y-demas-jungla,2011-02-08,/2011/02/08/criticos-grunones-cenizos-impagados-bocazas-y-demas-jungla/,C,2,485,7,Personas,
¿Cómo diseñar el interfaz de un Software?,¿como-disenar-el-interfaz-de-un-software,2011-02-10,/2011/02/10/%c2%bfcomo-disenar-el-interfaz-de-un-software/,C,2,233,5,Software,diseño; interfaz; pantallas; usabilidad
Mejoran los servicios sobre QT,mejoran-los-servicios-sobre-qt,2011-03-08,/2011/03/08/mejoran-los-servicios-sobre-qt/,C,,371,1,Velneo,nokia; qt; Velneo
¿Desarrollo mi aplicación en multiplataforma?,¿desarrollo-mi-aplicacion-en-multiplataforma,2011-03-10,/2011/03/10/%c2%bfdesarrollo-mi-aplicacion-en-multiplataforma/,C,1,268,3,Tecnología,
Mantenimientos y suscripciones en software ¿Mensuales o anuales?,mantenimientos-y-suscripciones-en-software-¿mensuales-o-anuales,2011-03-15,/2011/03/15/mantenimientos-y-suscripciones-en-software-%c2%bfmensuales-o-anuales/,C,1,317,8,Software; Tecnología,mantenimiento; software; suscripcion
¿Qué es SaaS &amp; PaaS?,¿que-es-saas-paas,2011-03-16,/2011/03/16/%c2%bfque-es-saas-paas/,C,,12,2,PaaS/SaaS,
Testeo de software ¿Cuál es su misión?,testeo-de-software-¿cual-es-su-mision,2011-03-17,/2011/03/17/testeo-de-software-%c2%bfcual-es-su-mision/,C,1,220,3,Software,software; testeo; testing
No todo es smartphone ni todos somos frikies,no-todo-es-smartphone-ni-todos-somos-frikies,2011-03-21,/2011/03/21/no-todo-es-smartphone-ni-todos-somos-frikies/,C,2,128,3,Tecnología,móviles; nokia; smartphone
Tester vs programador,tester-vs-programador,2011-03-23,/2011/03/23/tester-vs-programador/,C,1,191,5,Tecnología,
Priorizar el testeo de software,priorizar-el-testeo-de-software,2011-03-29,/2011/03/29/priorizar-el-testeo-de-software/,C,1,257,8,Software,software
Diseña tu software no lo programes,disena-tu-software-no-lo-programes,2011-03-31,/2011/03/31/disena-tu-software-no-lo-programes/,C,,116,1,Tecnología,
Producto Completo en Software -Whole Product Concept-,producto-completo-en-software-whole-product-concept,2011-04-05,/2011/04/05/producto-completo-en-software-whole-product-concept/,C,2,437,8,Software; Tecnología,Crossing the Chasm; Geoffrey moore; software empresarial
10 principios para testear software,10-principios-para-testear-software,2011-04-07,/2011/04/07/10-principios-para-testear-software/,C,1,365,3,Software; Tecnología,tester; testing
Principios universales del diseño: La regla 80/20,principios-universales-del-diseno-la-regla-8020,2011-04-11,/2011/04/11/principios-universales-del-diseno-la-regla-8020/,C,1,235,9,Software,diseño; parapeto
Grupo Visual MS mejor empresa para trabajar 2009-2010-2011,grupo-visual-ms-mejor-empresa-para-trabajar-2009-2010-2011,2011-04-14,/2011/04/14/grupo-visual-ms-mejor-empresa-para-trabajar-2009-2010-2011/,C,2,230,4,Empresa; Personas,
Principio del diseño: el atractivo,principio-del-diseno-el-atractivo,2011-04-19,/2011/04/19/principio-del-diseno-el-atractivo/,C,,217,,Software; Tecnología,
Anuncios basados en arquetipos,anuncios-basados-en-arquetipos,2011-04-21,/2011/04/21/anuncios-basados-en-arquetipos/,C,,76,,Empresa,apple; ipad; motorola
Velneo crece en Hispanoamérica,velneo-crece-en-hispanoamerica,2011-04-26,/2011/04/26/velneo-crece-en-hispanoamerica/,C,1,317,7,Velneo,hispanoamerica; plataforma de desarrollo; Velneo
Cómo Establecer Objetivos Empresariales Efectivos en software,como-establecer-objetivos-en-empresas-de-software,2011-04-28,/2011/04/28/como-establecer-objetivos-en-empresas-de-software/,C,2,685,1,Tecnología,
¿Qué es el inbound Marketing?,que-es-el-inbound-marketing,2011-05-03,/2011/05/03/que-es-el-inbound-marketing/,B,3,627,14,Tecnología,ibound; inbound; marketing; software marketing
Disfrutar trabajando,disfrutar-trabajando,2011-05-05,/2011/05/05/disfrutar-trabajando/,C,1,143,11,Velneo,trailer; Velneo; video
"Problemas de los emprendedores, CEOs, directivos en empresas de software",problemas-de-los-emprendedores-ceos-directivos-en-empresas-de-software,2011-05-10,/2011/05/10/problemas-de-los-emprendedores-ceos-directivos-en-empresas-de-software/,C,2,490,6,Software,ceo; jefes; responsables; software
Define el posicionamiento de tu software en dos frases I,define-el-posicionamiento-de-tu-software-en-dos-frases-i,2011-05-31,/2011/05/31/define-el-posicionamiento-de-tu-software-en-dos-frases-i/,C,1,227,4,Software; Tecnología,nicho; posicionamiento; software
Define el posicionamiento de tu software en dos frases II,define-el-posicionamiento-de-tu-software-en-dos-frases-ii,2011-06-02,/2011/06/02/define-el-posicionamiento-de-tu-software-en-dos-frases-ii/,C,,221,1,Software; Tecnología; Velneo,nicho; posicionamiento; software
Grandes frases de programadores 10,grandes-frases-de-programadores-10,2011-06-14,/2011/06/14/grandes-frases-de-programadores-10/,C,,12,1,Tecnología,
Errores no reproducibles en el software,errores-no-reproducibles-en-el-software,2011-06-22,/2011/06/22/errores-no-reproducibles-en-el-software/,C,,277,1,Software,bugs; incidencias; no reproducibles
Efecto Catedral en software,efecto-catedral-en-software,2011-07-05,/2011/07/05/efecto-catedral-en-software/,C,,288,2,Software,diseño; diseño software; efecto catedral
Life is soft evento anual de Software Empresarial,life-is-soft-evento-anual-de-software-empresarial,2011-07-12,/2011/07/12/life-is-soft-evento-anual-de-software-empresarial/,C,,310,2,Tecnología,
La muerte del portátil en el software empresarial,la-muerte-del-portatil-en-el-software-empresarial,2011-07-20,/2011/07/20/la-muerte-del-portatil-en-el-software-empresarial/,C,1,239,5,Software,
Bienvenido a la realidad,bienvenido-a-la-realidad,2011-08-30,/2011/08/30/bienvenido-a-la-realidad/,C,1,151,3,Emprendedores,
El diseño de software empresarial,el-diseno-de-software-empresarial,2011-09-01,/2011/09/01/el-diseno-de-software-empresarial/,C,1,90,4,Citas,
¿Cómo tiene que ser el código fuente?,¿como-tiene-que-ser-el-codigo-fuente,2011-09-05,/2011/09/05/%c2%bfcomo-tiene-que-ser-el-codigo-fuente/,C,,34,1,Tecnología,
El secreto del éxito de las empresas de software empresarial,el-secreto-del-exito-de-las-empresas-de-software,2011-09-08,/2011/09/08/el-secreto-del-exito-de-las-empresas-de-software/,C,2,497,3,Personas; Software,Empresa; rentabilidad; software
¿Qué es el diseño de software empresarial?,¿que-es-el-diseno-de-software-empresarial,2011-09-13,/2011/09/13/%c2%bfque-es-el-diseno-de-software-empresarial/,C,1,99,1,Tecnología,diseño
¿Cómo empezar un proyecto de Software Empresarial?,¿como-empezar-un-proyecto-de-software-empresarial,2011-09-15,/2011/09/15/%c2%bfcomo-empezar-un-proyecto-de-software-empresarial/,C,2,231,5,Personas,Emprendedores; emprender; locura; locura consciente; software empresarial
¿Cómo es el éxito de una empresa de software?,¿como-es-el-exito-de-una-empresa-de-software,2011-09-22,/2011/09/22/%c2%bfcomo-es-el-exito-de-una-empresa-de-software/,C,1,75,2,Personas; Tecnología,exito; LINEA; software empresarial
El futuro del Software Empresarial,el-futuro-del-software-empresarial,2011-09-27,/2011/09/27/el-futuro-del-software-empresarial/,C,,112,2,Tecnología,Erich Schmidt; Marc Benioff
Crear una empresa de Software,crear-una-empresa-de-software,2011-10-05,/2011/10/05/crear-una-empresa-de-software/,C,1,57,5,Emprendedores; Personas; Software,crear; empezar; emprender
Muere el visionario del Software,muere-el-visionario-del-software,2011-10-06,/2011/10/06/muere-el-visionario-del-software/,B,3,41,5,Tecnología,steve jobs
Estrategia para empresas de software,estrategia-para-empresas-de-software,2011-10-11,/2011/10/11/estrategia-para-empresas-de-software/,C,,80,2,Software; Tecnología,estrategia; software; software empresarial
"De programador a Coordinador, Gerente, CEO, Responsable",de-programador-a-coordinador-gerente-ceo-responsable,2011-10-27,/2011/10/27/de-programador-a-coordinador-gerente-ceo-responsable/,C,1,444,5,Emprendedores; Personas; Tecnología,coordinador; gerente; programador; responsable
11-11-11=12*12 (Charlas de Software Empresarial),11-11-111212,2011-11-03,/2011/11/03/11-11-111212/,C,1,342,3,Tecnología,lifeissoft.com; Pecha Kucha; ted
"Historia de Velneo II, relatos de una empresa de Software",historia-de-velneo-ii-relatos-de-una-empresa-de-software,2011-11-16,/2011/11/16/historia-de-velneo-ii-relatos-de-una-empresa-de-software/,C,2,638,14,Tecnología,
Nuevo libro sobre Software Empresarial,nuevo-libro-sobre-software-empresarial,2011-11-30,/2011/11/30/nuevo-libro-sobre-software-empresarial/,C,1,194,20,Tecnología,libro; software empresarial; software para emrpesas
Social Media y Software Empresarial,social-media-y-software-empresarial,2011-12-07,/2011/12/07/social-media-y-software-empresarial/,C,,32,,Tecnología,
"Elegir el nombre del software, las palabras clave y descripción",elegir-el-nombre-del-software-las-palabras-clave-y-descripcion,2011-12-14,/2011/12/14/elegir-el-nombre-del-software-las-palabras-clave-y-descripcion/,B,4,602,5,Tecnología,descripción; nombre del software; nombres empresa; palabras clave
"Crear Software, mis aprendizajes 2011",crear-software-mis-aprendizajes-2011,2011-12-29,/2011/12/29/crear-software-mis-aprendizajes-2011/,C,1,229,1,Tecnología,
¿Cómo crear Software?,como-crear-software,2012-01-02,/2012/01/02/como-crear-software/,C,1,212,2,Tecnología,
¿Cómo hacer un programa?,como-hacer-un-programa,2012-01-05,/2012/01/05/como-hacer-un-programa/,C,2,252,21,Software,hacer software
Programa para hacer programas,programa-para-hacer-programas,2012-01-13,/2012/01/13/programa-para-hacer-programas/,C,2,92,20,Velneo,google; programa para hacer programas; programar sencillo; Velneo
El Software - primera versión,el-software-primera-version,2012-01-16,/2012/01/16/el-software-primera-version/,C,2,408,7,Software; Tecnología,iterando; iterar; lean startup; mpv; mvp; nuevo proyecto; reuniones
Demostración de Software,demostracion-de-software,2012-01-25,/2012/01/25/demostracion-de-software/,A,5,2158,4,Tecnología,6x; demo de software; demostracion; el cliente; las emociones; preventa; software empresarial; Velneo; vender software
Libro para empresas de Software,libro-para-empresas-de-software,2012-02-01,/2012/02/01/libro-para-empresas-de-software/,C,2,146,3,Software,empresas de software; google; intuit; software; startup
10 Lecciones de Mark Zuckerberg para el desarrollo de software,10-lecciones-mark-zuckerberg-para-el-desarrollo-de-software,2012-02-07,/2012/02/07/10-lecciones-mark-zuckerberg-para-el-desarrollo-de-software/,B,3,585,4,Software,desarrollo de software; facebook; facebook desarrolladores; inversores; mark zuckerberg; programación
Cuadro de mando para una empresa de software,cuadro-de-mando-para-una-empresa-de-software,2012-02-15,/2012/02/15/cuadro-de-mando-para-una-empresa-de-software/,B,3,686,3,Software,balanced scorecard; cuadro de mando; el producto; Emprendedores; fracaso; indicadores; mejora continua; seguimiento; software
Empresas de software y modelos de negocio,empresas-de-software-y-modelos-de-negocio,2012-02-21,/2012/02/21/empresas-de-software-y-modelos-de-negocio/,B,3,621,1,Software,debemos cambiar; el aprendizaje; el producto; empresas de software; google; pivotar; software
Presentaciones,presentaciones,2012-03-07,/2012/03/07/presentaciones/,C,1,459,1,Software; Tecnología,Confessions of a Public Speaker; martin luther king; oradores; power point; presentar en público; Resonate; The Art and Science of Creating Great Presentations; The Presentation Secrets of Steve Jobs:
Hacer un Blog,hacer-un-blog,2012-03-14,/2012/03/14/hacer-un-blog/,B,3,526,4,Software,blog; buscar; organico; programas; tener más visitas; titulos del blog; visitas en un blog
Definición de Blog,definicion-de-blog,2012-03-26,/2012/03/26/definicion-de-blog/,C,1,291,,Software,carlos bravo; cuaderno de trabajo; cuaderno de viaje; cuadernos de viaje; definicion; empresas de software; ranking
¿Cómo crear programas?,como-crear-programas,2012-04-04,/2012/04/04/como-crear-programas/,C,2,407,20,Software,cimientos; crear; desarrolladores; desarrollar; piensa; pizarra; programas; software
¿Qué es una interface?,que-es-una-interface,2012-04-24,/2012/04/24/que-es-una-interface/,C,1,324,2,Software,botones; escanear; google; interfaces gráficas; usada
Soporte Técnico en Software,soporte-tecnico-en-software,2012-04-30,/2012/04/30/soporte-tecnico-en-software/,C,1,201,6,Software,5 horas; empresas de software; soporte; soporte técnico; tickets; zendesk
La experiencia de usuario en software,la-experiencia-de-usuario-en-software,2012-05-10,/2012/05/10/la-experiencia-de-usuario-en-software/,C,1,214,1,Software,diseño; software; usabilidad
Experiencia de usuario,experiencia-de-usuario,2012-05-14,/2012/05/14/experiencia-de-usuario/,B,3,507,9,Software,diseño; diseño software; usabilidad; user experience; uso; UX
¿Cómo se hace crecer una empresa de Software?,como-se-hacer-crecer-una-empresa-de-software,2012-05-16,/2012/05/16/como-se-hacer-crecer-una-empresa-de-software/,C,2,365,3,Software,boca a boca; crecimiento; empresas de software; publicidad on line; software comercial; startup; uso compartido
Desarrollo de programas,desarrollo-de-programas,2012-05-19,/2012/05/19/desarrollo-de-programas/,C,,52,,Software,desarrollo de un software; desarrollo rapido de aplicaciones; desarrollo software; programas; que es software desarrollo; Velneo
Burocracia,burocracia,2012-05-23,/2012/05/23/burocracia/,C,1,353,2,Software,burocracia; como funcionan las cosas; exceso; google; intermedio; kaos; peligroso; software
Tipos de Software,tipos-de-software,2012-06-08,/2012/06/08/tipos-de-software/,C,2,416,3,Software,exponencial; mac os x; principales tipos de software; programas; que es un software; software cientfífico y de ingenieria; software de aplicación; software de gestion; software de sistema; software de sistemas; software empotrado; tipos de requirimientos de software; todos los programas de software
¿Que son las apps?,que-son-las-apps,2012-06-18,/2012/06/18/que-son-las-apps/,C,2,217,4,gestion de empresas,aplicación; apps; Google Apps; google trends; lenguajes de programación; programa; software
¿Qué es un CRM?,que-es-un-crm,2012-06-22,/2012/06/22/que-es-un-crm/,B,3,844,5,Software,actitudes; ciertas cosas; crm; customer relationship management; definición crm; funcionalidad crm; google; implantación; marketing automation; plantillas de word; proveedores crm; software CRM; Top sotfware CRM
Inbound marketing,inbound-marketing,2012-06-26,/2012/06/27/inbound-marketing/,C,1,382,2,Software,dave barry; digital marketing; google; Google Analitics; human communication; Inbound Marketing; invention; marketing automation; marketing en internet; marketing online; Marketing_automation; on line marketing; social marketing
Diseño de Software,diseno-de-software,2012-06-28,/2012/06/28/diseno-de-software/,C,1,233,1,Software,diseño; diseño gráfico; diseño web; la jornada; programadores; steve krug; UX; ya
Software Fácil,software-facil,2012-07-03,/2012/07/04/software-facil/,C,2,356,4,Software,centrate; diseño de software; funcionalidad; sencillo de usar; software facil; usabilidad y UX; UX; UX en software
Programar,programar,2012-07-05,/2012/07/05/programar/,C,2,146,3,Software,programación; programador; programas; que es programar
Aplicaciones vs webs,aplicaciones-vs-webs,2012-07-12,/2012/07/12/aplicaciones-vs-webs/,C,2,311,11,Software,aplicación; aplicaciones; apps; google; monitor de computadora; navaja suiza; solomillo; tipos de trabajo; webs
¿Cómo crear software?,como-crear-software-2,2012-08-30,/2012/08/30/como-crear-software-2/,C,2,304,8,Software,beber alcohol; crear software; el lenguaje; open source; software; software libre
Software para hacer Software,software-para-hacer-software,2012-09-11,/2012/09/11/software-para-hacer-software/,C,1,379,2,Software,anota; implanta; interfaz; libreta; pizarra; programa; programas; software; Software para hacer Software
Crear software fácil,crear-software-facil,2012-10-09,/2012/10/09/crear-software-facil/,C,1,258,,Software,cajones; denso; desarrollo de software; easy; software facil; software sencillo
Evento Software,evento-software,2012-10-25,/2012/10/25/evento-software/,C,1,213,2,gestion de empresas; Software,charlas; conferencia software; dar la mano; evento software; personal; software; software empresarial; un abrazo
1.000.000 de visitas en Crear Software el blog de alfonsogu,1-000-000-de-visitas-en-crear-software-el-blog-de-alfonsogu,2012-11-19,/2012/11/19/1-000-000-de-visitas-en-crear-software-el-blog-de-alfonsogu/,C,2,175,4,Software,blog; charles baudelaire; constancia; crear software; exito; los amantes; soft; software; VISITAS
El negocio del Software,el-negocio-del-software,2012-11-22,/2012/11/22/el-negocio-del-software/,C,1,238,8,Software,nuevo juego; programadores; progrmar; software
ERP Software Enterprise Resource Planning,erp-software-enterprise-resource-planning,2012-11-27,/2012/11/27/erp-software-enterprise-resource-planning/,C,2,792,1,Software,crm; enterprise resource planning; erp; restante; software empresarial; soluciones erp; Velneo
La venta de Software,la-venta-de-software,2012-12-03,/2012/12/03/la-venta-de-software/,B,3,1848,4,Software,como vender; programadores; soft; software; vendedores; vender software; venta; venta software
El software y la muerte del hardware,el-software-y-la-muerte-del-hardware,2012-12-17,/2012/12/17/el-software-y-la-muerte-del-hardware/,C,2,252,5,Software,alcampo; cloud; Cloud computing; grandes superficies; hardware; que es una industria; software; techo
5 cosas que las empresas de software tienen que aprender de los niños,5-cosas-que-las-empresas-de-software-tienen-que-aprender-de-los-ninos,2012-12-24,/2012/12/24/5-cosas-que-las-empresas-de-software-tienen-que-aprender-de-los-ninos/,C,2,251,3,Software,adultos; los cambios
Alternativa a Visual Basic,alternativa-a-visual-basic,2012-12-26,/2012/12/26/alternativa-a-visual-basic/,C,,383,2,Software; Velneo,android; linux mac; VB6; Velneo; versiones de windows; Visual Basic; Visual Basic 6; visual studio
"Sector del Software, el año de la hormiga",sector-del-software-el-ano-de-la-hormiga,2012-12-31,/2012/12/31/sector-del-software-el-ano-de-la-hormiga/,B,4,501,4,Software,buen software; crear software; empresas de software; hormigas; las hormigas; mandos a distancia; nube; programar; sector software; software
5 Lecciones de Amancio Ortega para las empresas de software,5-lecciones-de-amancio-ortega-para-las-empresas-de-software,2013-01-05,/2013/01/05/5-lecciones-de-amancio-ortega-para-las-empresas-de-software/,C,2,501,2,Software,crear; software; zara
Crear Software en la nube,crear-software-en-la-nube,2013-01-09,/2013/01/09/crear-software-en-la-nube/,C,2,281,3,Software,cloud; el cuento; Java; java cloud; nube; paas; plataforma como servicio; tiempo real; Velneo
Software programacion,software-programacion,2013-01-15,/2013/01/15/software-programacion/,C,,214,,Software,crear juegos; crear una página web; desarrollo de software; dream weaver; iphone; programadores; programar software; software de programación
Ventajas Cloud Computing,ventajas-cloud-computing,2013-01-16,/2013/01/16/ventajas-cloud-computing/,C,1,370,11,Software,cloud; Cloud computing; nube; PaaS/SaaS; SAAS; software en la nube; software saas
Los programadores somos unos mentirosos,los-programadores-somos-unos-mentirosos,2013-01-22,/2013/01/22/los-programadores-somos-unos-mentirosos/,C,1,114,1,Software,desarrolladores; los contratos; mentirosos compulsivos; programación; programadores
5 webs donde cualquiera puede aprender a programar,5-webs-donde-cualquiera-puede-aprender-a-programar,2013-01-29,/2013/01/29/5-webs-donde-cualquiera-puede-aprender-a-programar/,C,,249,1,Software,cursos; desarrollador; programador; programar; programar aprender a programar programación.
10 preguntas antes de empezar a programar,10-preguntas-antes-de-empezar-a-programar,2013-02-02,/2013/02/02/10-preguntas-antes-de-empezar-a-programar/,C,1,410,7,Software,impulso; pensamiento; preguntas; programar
Hacer sofware sencillo es muy difícil,hacer-sofware-sencillo-es-muy-dificil,2013-02-07,/2013/02/07/hacer-sofware-sencillo-es-muy-dificil/,C,1,,,Software,diseño; sencillez; sencillo
5 verdades sobre el diseño de software,5-verdades-sobre-el-diseno-de-software,2013-02-10,/2013/02/10/5-verdades-sobre-el-diseno-de-software/,C,,136,2,Software,charles eames; diseño; ingeniería de software; software; usabilidad; usabilidad y UX
¿Cuándo aprender a programar?,obama,2013-02-16,/2013/02/16/obama/,C,2,241,7,Software,formación; lenguajes de programación; Obama; programación; Velneo
¿Por qué el software se está comiendo el mundo?,porque-el-software-se-esta-comiendo-el-mundo,2013-02-21,/2013/02/21/porque-el-software-se-esta-comiendo-el-mundo/,C,1,305,7,Software,
Usuario Software,usuario-software,2013-02-23,/2013/02/23/usuario-software/,C,1,713,2,Software,desarrollo; desarrollo de software; desierto; mvp; programadores; software
Aprender a programar,aprender-a-programar,2013-02-27,/2013/02/27/aprender-a-programar/,C,2,178,4,Software,americanos; aprender a programar; bill gates; clinton bill; escuelas americanas; mark zuckerberg; programadores; programar; steve jobs
Diseño de Software,diseno-de-software-2,2013-03-03,/2013/03/03/diseno-de-software-2/,C,,27,,Software,
CRM LEAD,crm-lead,2013-03-14,/2013/03/14/crm-lead/,C,2,404,4,Software,Cliente; clientes; crm; dos cosas; fluida; leads; prospectos; punto de vista; software on line; Suscriptor
Inbound Marketing y empresas de Software,inbound-marketing-y-empresas-de-software,2013-03-19,/2013/03/19/inbound-marketing-y-empresas-de-software/,C,1,177,,Software,conocer el futuro; departamento comercial; empresas de software; Inbound Marketing; outbound marketing; software; y una página
Programas y funcionalidad,software-funcionalidad,2013-03-24,/2013/03/24/software-funcionalidad/,C,2,310,7,Software,felicidad; funcionalidades; programas; software; usuarios
Crecimiento de una empresa de software,crecimiento-de-una-empresa-de-software,2013-04-04,/2013/04/04/crecimiento-de-una-empresa-de-software/,C,2,463,9,Software,comercial y marketing; empresa de software; madurez; software; software crecimiento
5 ideas para vender Software por Internet,5-ideas-para-vender-software-por-internet,2013-04-17,/2013/04/17/5-ideas-para-vender-software-por-internet/,B,3,555,27,Software,programadores; vender por internet; vender software
El formulario de 100.000 Euros,el-formulario-de-100-000-euros,2013-04-27,/2013/04/27/el-formulario-de-100-000-euros/,B,4,578,14,Software,diseño; diseño de software; formularios; interfaz; software; test usuario
Programador,programador,2013-05-08,/2013/05/08/programador/,B,3,492,4,Software,crear software; herramienta; historias reales; industria de software; programador; programar
Desarrollo de aplicaciones,desarrollo-de-aplicaciones,2013-05-25,/2013/05/25/desarrollo-de-aplicaciones/,B,4,503,6,Software,aplicación; programa; pruebas; software; test
Test Software,test-software,2013-05-29,/2013/05/29/test-software/,C,1,321,2,Software,nuevo software; paralelos; pruebas de software; resistencias; simulacros; software empresarial; test; test software; venta de software
Vender software por internet,vender-software-por-internet,2013-06-17,/2013/06/17/vender-software-por-internet/,C,2,265,2,Software,apple ibm; empresas de internet; google; leyenda urbana; venta de software; venta online; venta por internet; ventas por internet
Software. La cuarta revolución industrial,software-la-cuarta-revolucion-industrial,2013-06-25,/2013/06/25/software-la-cuarta-revolucion-industrial/,B,3,350,4,Software,crear software; facebook; revolución industrial
Ganar dinero programando,ganar-dinero-programando,2013-07-14,/2013/07/14/ganar-dinero-programando/,C,2,357,13,Software,crear software; dinero; el tiempo; oportunidad
Futuro desarrollo software QT,futuro-desarrollo-software,2013-07-30,/2013/07/30/futuro-desarrollo-software/,C,1,336,,gestion de empresas,developer days; google; proveedores; qt; qt 5; qt designer; qt developer; software; tres pilares
El futuro está en el desarrollo de software,el-futuro-esta-en-el-desarrollo-de-software,2013-08-12,/2013/08/12/el-futuro-esta-en-el-desarrollo-de-software/,C,2,452,20,Software,amazon; crisis; desarrollo software; empresas de software; google; grandes empresas; los americanos; software
El coste de una nueva funcionalidad en software,el-coste-de-una-nueva-funcionalidad-en-software,2013-08-19,/2013/08/19/el-coste-de-una-nueva-funcionalidad-en-software/,B,3,423,5,Software,alan cooper; citroen visa; diseño; empresas de software; software
Hangout de software empresarial y Velneo,hangout-de-software-empresarial-y-velneo,2013-08-22,/2013/08/22/hangout-de-software-empresarial-y-velneo/,C,,79,1,Software,elon musk; software empresarial; Velneo
El 85% del Software empresarial se ejecuta en Microsoft Windows,el-85-del-software-empresarial-se-ejecuta-en-microsoft-windows,2013-08-25,/2013/08/25/el-85-del-software-empresarial-se-ejecuta-en-microsoft-windows/,B,3,389,14,Software,bill gates; google; iphone; microsoft; microsoft apple; software empresarial; windows
Entrevista sobre Velneo,entrevista-sobre-velneo,2013-08-28,/2013/08/28/entrevista-sobre-velneo/,C,,42,,Software,hangout; programación; Velneo
Presupuestos de una empresa de Software,presupuestos-de-una-empresa-de-software,2013-09-20,/2013/09/20/presupuestos-de-una-empresa-de-software/,B,3,429,9,Software,el foco; empresa software; gastos de personal; ingresos extraordinarios; software
Vender software y hardware,vender-software-y-hardware,2013-10-01,/2013/10/01/vender-software-y-hardware/,C,2,558,4,Software,hardware; software; venta de software y hardware
El comportamiento en el Software,el-comportamiento-en-el-software,2013-10-23,/2013/10/23/el-comportamiento-en-el-software/,C,1,453,,Software,habilidad; motivacion; software empresarial
Ciclo de Vida de un proyecto de software,ciclo-de-vida-de-un-proyecto-de-software,2013-10-31,/2013/10/31/ciclo-de-vida-de-un-proyecto-de-software/,C,2,527,2,Software,ciclos de vida; desarrollo de software; el proyecto; Producto Completo
Desarrollo de aplicaciones empresariales,desarrollo-de-aplicaciones-empresariales,2013-11-20,/2013/11/20/desarrollo-de-aplicaciones-empresariales/,C,1,340,3,Software,base de datos; desarrollo de software; interfaz de usuario; línea de código; martillo de oro; plataforma de desarrollo
Lecciones de Wordpress para el mundo del software,lecciones-de-wordpress-para-el-mundo-del-software,2013-11-23,/2013/11/23/lecciones-de-wordpress-para-el-mundo-del-software/,B,4,844,7,Software,desarrollo de software; empresas de software; funcionamiento de la empresa; Scott Berkun; wordpress
5 aprendizajes para crear software,5-aprendizajes-para-crear-software,2013-12-20,/2013/12/20/5-aprendizajes-para-crear-software/,C,1,315,,Software,cloud; crear software; desarrollo de software; futuro del software; software; vender software
Así aprendí que vender software es lo más importante,asi-aprendi-que-vender-software-es-lo-mas-importante,2014-01-22,/2014/01/22/asi-aprendi-que-vender-software-es-lo-mas-importante/,C,2,384,11,Software,software
¿Para quién se desarrolla un software?,para-quien-se-desarrolla-un-software,2014-02-02,/2014/02/02/para-quien-se-desarrolla-un-software/,B,3,491,3,Software,buen software; desarrollo software; diseño software
Crear software sin programar,crear-software-sin-programar,2014-02-06,/2014/02/06/crear-software-sin-programar/,C,2,347,1,Software,base de datos; crear software; software; software sin código
Evento de software online,evento-de-software-online,2014-02-17,/2014/02/17/evento-de-software-online/,C,1,97,,Software,evento software online
Crear software para empresas,crear-software-para-empresas,2014-03-20,/2014/03/20/crear-software-para-empresas/,C,2,422,4,Software,online; rentabilidad; software empresarial
"Opinión de un experto en BBDD (Informix, Software AG, Oracle) sobre el paradigma Velneo",opinion-de-un-experto-en-bbdd-informix-ag-sistems-oracle-sobre-el-paradigma-velneo,2014-03-20,/2014/03/20/opinion-de-un-experto-en-bbdd-informix-ag-sistems-oracle-sobre-el-paradigma-velneo/,C,,10,1,Software,
Crear software online,crear-software-online,2014-03-26,/2014/03/26/crear-software-online/,C,2,413,27,Software,cloud; empresas de software; programar cloud; software; software cloud; software empresarial
El software y la muerte de las licencias,el-software-y-la-muerte-de-las-licencias,2014-04-03,/2014/04/03/el-software-y-la-muerte-de-las-licencias/,B,3,522,5,Software,alquiler de software; ganar dinero con software; industria software; licencias de software; software
Crear software para windows,crear-software-para-windows,2014-04-18,/2014/04/18/crear-software-para-windows/,B,3,453,4,Software,android; IOS; software
Desarrollo de software iterativo e incremental,desarrollo-de-software-iterativo-e-incremental,2014-05-01,/2014/05/01/desarrollo-de-software-iterativo-e-incremental/,C,1,430,1,Software,aprender; desarrollar; desarrollo de software; iteración; medir; software; software de calidad; software libre
Como programar y ganar dinero,como-programar-y-ganar-dinero,2014-05-08,/2014/05/08/como-programar-y-ganar-dinero/,B,4,534,7,Software,
Crear Software Cloud,crear-software-cloud,2014-05-22,/2014/05/22/crear-software-cloud/,B,3,477,4,Software,Actualizaciones de software; software cloud; software nube; software online
Qué puede aprender el software de Cholo Simeone?,que-puede-aprender-el-software-de-cholo-simeone,2014-06-03,/2014/06/03/que-puede-aprender-el-software-de-cholo-simeone/,B,3,525,1,Software,atletico; Barcelona; cholo simeone; desarrollo de software; empresas de software; Real Madrid; software; Soy del Atletico; Sporting de Gijón
4 aplicaciones que no pueden faltar en una empresa de software,4-aplicaciones-que-no-pueden-faltar-en-una-empresa-de-software,2014-08-19,/2014/08/19/4-aplicaciones-que-no-pueden-faltar-en-una-empresa-de-software/,C,2,604,2,Software,aplicaciones; empresas de software; software
Vender software por teléfono,vender-software-por-telefono,2014-08-26,/2014/08/26/vender-software-por-telefono/,B,4,626,4,Software,Aaron Roos; leads; lean; software; vender
"Crea una empresa de software, olvida las start-up",crea-una-empresa-de-software-olvida-las-start-up,2014-09-03,/2014/09/03/crea-una-empresa-de-software-olvida-las-start-up/,B,3,428,12,Software,el tiempo; empresas de software; software; start-up; tiempo maduración; venta software
16 años creando software,16-anos-creando-software,2015-02-06,/2015/02/06/16-anos-creando-software/,C,2,479,2,Software,
Evento de software para desarrolladores en Madrid,evento-de-software-para-desarrolladores-en-madrid,2015-02-23,/2015/02/23/evento-de-software-para-desarrolladores-en-madrid/,C,2,319,,Software,evento; lifeissoft; Madrid; software
Aprender en software nos da alas,aprender-en-software-nos-da-alas,2015-02-26,/2015/02/26/aprender-en-software-nos-da-alas/,B,3,554,2,Software,aprender; aprender software crear; comunicación; crear; software
"El software, la persistencia y la venta",el-software-la-persistencia-y-la-venta,2015-04-29,/2015/04/29/el-software-la-persistencia-y-la-venta/,B,3,612,6,Software,cloud; Cloud computing; empresas de software; software empresarial
¿Por qué los productos de software se convierten en monstruos?,por-que-los-productos-de-software-se-convierten-en-monstruos,2015-05-06,/2015/05/06/por-que-los-productos-de-software-se-convierten-en-monstruos/,C,2,316,3,Software,
Historia del CRM,historia-del-crm,2015-05-18,/2015/05/18/historia-del-crm/,A,5,2099,10,Software,cloud; crlcloud; crm; historia crm
¿Cuándo dejas de programar?,cuando-dejas-de-programar,2015-07-07,/2015/07/07/cuando-dejas-de-programar/,B,3,319,3,Software,depurar; desarrollar; foco; programar
"Software, abandono y nacimiento",software-abandono-y-nacimiento,2015-12-27,/2015/12/27/software-abandono-y-nacimiento/,B,3,372,8,Software,priorizar; SAAS; software; software empresarial
"Oculus, Software que emociona",oculus-software-que-emociona,2016-02-03,/2016/02/03/oculus-software-que-emociona/,B,3,606,1,Software,
Software para equipos de ventas,software-para-equipos-de-ventas,2016-04-26,/2016/04/26/software-para-equipos-de-ventas/,B,4,615,14,Software,
¿Cómo vender software?,como-vender-software,2016-05-23,/2016/05/23/como-vender-software/,B,3,347,15,Software,
Software CRM para vendedores en Vigo,software-crm-para-vendedores,2016-06-27,/2016/06/27/software-crm-para-vendedores/,C,1,343,2,Software,
"Software empresarial, Ventas vs Producto",software-empresarial-ventas-vs-producto,2017-02-26,/2017/02/26/software-empresarial-ventas-vs-producto/,B,4,892,5,Software,
¿Qué es un product manager?,que-es-un-product-manager,2017-05-19,/2017/05/19/que-es-un-product-manager/,C,2,580,5,Software,
"Software empresarial, soporte y mantenimiento.",software-empresarial-soporte-y-mantenimiento,2017-08-30,/2017/08/30/software-empresarial-soporte-y-mantenimiento/,B,3,649,1,Software,
¿Cómo mejorar el soporte técnico de software?,como-mejorar-el-soporte-tecnico-de-software,2017-09-15,/2017/09/15/como-mejorar-el-soporte-tecnico-de-software/,B,3,681,1,Software,
"Soporte técnico de software, la relación humana",soporte-tecnico-de-software-la-relacion-humana,2017-10-13,/2017/10/13/soporte-tecnico-de-software-la-relacion-humana/,B,3,552,1,Software,
¿Qué puede aprender el software de otros sectores?,que-puede-aprender-el-software-de-otros-sectores,2018-02-27,/2018/02/27/que-puede-aprender-el-software-de-otros-sectores/,C,,436,1,Software,
¿Cómo creó Steve Jobs el iPhone?,como-creo-steve-jobs-el-iphone,2020-08-21,/2020/08/21/como-creo-steve-jobs-el-iphone/,C,1,779,,Software,
¿Cómo introducir en el mercado un software innovador?,como-introducir-en-el-mercado-un-software-innovador,2020-09-29,/2020/09/29/como-introducir-en-el-mercado-un-software-innovador/,C,2,743,,Software,
Del  Dogfooding a probar tus recetas,del-dogfooding-a-probar-tus-recetas,2020-12-24,/2020/12/24/del-dogfooding-a-probar-tus-recetas/,C,1,541,1,Software,
"API, APPS y extensiones",api-apps-y-extensiones,2021-01-23,/2021/01/23/api-apps-y-extensiones/,B,3,629,,Software,API; extensiones; integraciones
Macroscopio sublime,macroscopio-sublime,2021-03-07,/2021/03/07/macroscopio-sublime/,C,2,573,2,Software,
Plataforma para eventos online,plataforma-para-eventos-online,2021-04-24,/2021/04/24/plataforma-para-eventos-online/,C,2,621,,Software,
La empresa que quiere durar cien años | La Cafetería,la-empresa-que-quiere-durar-cien-anos-la-cafeteria,2023-04-23,/2023/04/23/la-empresa-que-quiere-durar-cien-anos-la-cafeteria/,C,1,331,,Software,
Ventas Inteligentes por VOZ,ventas-inteligentes-por-voz,2024-10-24,/2024/10/24/ventas-inteligentes-por-voz/,A,5,750,,Software,
¿Cómo la IA de Voz Conversacional transformará Nuestros Negocios?,como-la-ia-de-voz-conversacional-transformara-nuestros-negocios,2024-11-08,/2024/11/08/como-la-ia-de-voz-conversacional-transformara-nuestros-negocios/,A,3,762,,Software,
Cómo la IA de Voz Revoluciona el Marketing IA en 2024,como-la-ia-de-vo-revoluciona-el-marketing-ia-en-2024,2024-12-15,/2024/12/15/como-la-ia-de-vo-revoluciona-el-marketing-ia-en-2024/,A,6,3724,,Empresa,
Cómo los Bots de Inteligencia Artificial Están Transformando las Ventas y el Marketing en España,como-los-bots-de-inteligencia-artificial-estan-transformando-las-ventas-y-el-marketing-en-espana,2024-12-26,/2024/12/26/como-los-bots-de-inteligencia-artificial-estan-transformando-las-ventas-y-el-marketing-en-espana/,A,3,572,,Software,
Modelos o3 de OpenAI: la IA que ya supera a los mejores programadores y revoluciona el futuro del trabajo,modelos-o3-de-openai-la-ia-que-ya-supera-a-los-mejores-programadores-y-revoluciona-el-futuro-del-trabajo,2024-12-27,/2024/12/27/modelos-o3-de-openai-la-ia-que-ya-supera-a-los-mejores-programadores-y-revoluciona-el-futuro-del-trabajo/,A,5,1178,,Software,
¿Qué es un bot SDR y cómo puede ayudar a tus ventas?,que-es-un-bot-sdr-y-como-puede-ayudar-a-tus-ventas,2024-12-28,/2024/12/28/que-es-un-bot-sdr-y-como-puede-ayudar-a-tus-ventas/,A,4,855,,Software,
Los Agentes Están Llegando: Por Qué el Invierno de la IA No Será Tan Frío,los-agentes-estan-llegando-por-que-el-invierno-de-la-ia-no-sera-tan-frio,2025-01-01,/2025/01/01/los-agentes-estan-llegando-por-que-el-invierno-de-la-ia-no-sera-tan-frio/,A,5,2113,,Software,
Tendencias de la Síntesis de Voz por IA para 2025,tendencias-de-la-sintesis-de-voz-por-ia-para-2025,2025-01-03,/2025/01/03/tendencias-de-la-sintesis-de-voz-por-ia-para-2025/,A,5,1246,,Software,
Modelos de Voz a Voz (S2S): La Revolución en la IA Conversacional,modelos-de-voz-a-voz-s2s-la-revolucion-en-la-ia-conversacional,2025-01-04,/2025/01/04/modelos-de-voz-a-voz-s2s-la-revolucion-en-la-ia-conversacional/,A,5,1098,,Software,
Impacto de la Inteligencia Artificial en los Roles Creativos en 2025,impacto-de-la-inteligencia-artificial-en-los-roles-creativos-en-2025,2025-01-05,/2025/01/05/impacto-de-la-inteligencia-artificial-en-los-roles-creativos-en-2025/,A,5,1214,,Software,
Reflexiones sobre la Evolución de OpenAI hacia la AGI,reflexiones-sobre-la-evolucion-de-openai-hacia-la-agi,2025-01-06,/2025/01/06/reflexiones-sobre-la-evolucion-de-openai-hacia-la-agi/,A,4,959,,Software,
IA en 2025: Las 10 tendencias más destacadas,ia-en-2025-las-10-tendencias-mas-destacadas,2025-01-08,/2025/01/08/ia-en-2025-las-10-tendencias-mas-destacadas/,A,5,1351,,Software,
Transforma tu Marketing con IA: Beneficios y Aplicaciones Clave,transforma-tu-marketing-con-ia-beneficios-y-aplicaciones-clave,2025-01-09,/2025/01/09/transforma-tu-marketing-con-ia-beneficios-y-aplicaciones-clave/,A,5,1430,,Software,
Transformación Digital: Claves de una Empresa IA-First,transformacion-digital-claves-de-una-empresa-ia-first,2025-01-10,/2025/01/10/transformacion-digital-claves-de-una-empresa-ia-first/,A,5,1143,,Software,
Lecciones Históricas de Resistencias Tecnológicas: De la Imprenta a la Inteligencia Artificial,lecciones-historicas-de-resistencias-tecnologicas-de-la-imprenta-a-la-inteligencia-artificial,2025-01-12,/2025/01/12/lecciones-historicas-de-resistencias-tecnologicas-de-la-imprenta-a-la-inteligencia-artificial/,A,5,1414,,Software,
Stargate Project vs. Proyecto Manhattan: Un Salto Cuántico en la Inversión Tecnológica,stargate-project-vs-proyecto-manhattan-un-salto-cuantico-en-la-inversion-tecnologica,2025-01-22,/2025/01/22/stargate-project-vs-proyecto-manhattan-un-salto-cuantico-en-la-inversion-tecnologica/,A,4,855,,Software,
La Era de la Inteligencia,la-era-de-la-inteligencia,2025-01-25,/2025/01/25/la-era-de-la-inteligencia/,A,4,1085,,Software,
"IA de Voz en la Educación: Personalización, Accesibilidad y Nuevos Modelos Docentes",ia-de-voz-en-la-educacion-personalizacion-accesibilidad-y-nuevos-modelos-docentes,2025-01-30,/2025/01/30/ia-de-voz-en-la-educacion-personalizacion-accesibilidad-y-nuevos-modelos-docentes/,A,5,1138,,Software,
Novedades de Alexa: La IA Generativa Revoluciona Asistentes de Voz,novedades-de-alexa-la-ia-generativa-revoluciona-asistentes-de-voz,2025-02-13,/2025/02/13/novedades-de-alexa-la-ia-generativa-revoluciona-asistentes-de-voz/,A,3,829,,Software,
Guía para hacer prompts en Google Veo 2,guia-para-hacer-prompts-en-google-veo-2,2025-02-24,/2025/02/24/guia-para-hacer-prompts-en-google-veo-2/,A,5,1670,,Software,
Open AI presenta deep research,open-ai-presenta-deep-research,2025-02-25,/2025/02/25/open-ai-presenta-deep-research/,A,5,1419,,Software,
"Meta Acelera su Estrategia de IA por Voz: Innovación, Llama 4 y el Futuro de la Conversación Digital",meta-acelera-su-estrategia-de-ia-por-voz-innovacion-llama-4-y-el-futuro-de-la-conversacion-digital,2025-03-09,/2025/03/09/meta-acelera-su-estrategia-de-ia-por-voz-innovacion-llama-4-y-el-futuro-de-la-conversacion-digital/,A,4,647,,Software,
Agentes de Voz con IA: Análisis Completo del Panorama 2025,agentes-de-voz-con-ia-analisis-completo-del-panorama-2025,2025-03-09,/2025/03/10/agentes-de-voz-con-ia-analisis-completo-del-panorama-2025/,A,4,722,,Software,
Plataformas  de agentes de voz con IA en Europa (especial foco en España),plataformas-de-agentes-de-voz-con-ia-en-europa-especial-foco-en-espana,2025-03-29,/2025/03/29/plataformas-de-agentes-de-voz-con-ia-en-europa-especial-foco-en-espana/,A,5,1304,,Software,
La Guía Definitiva sobre el Protocolo de Contexto del Modelo (MCP),la-guia-definitiva-sobre-el-protocolo-de-contexto-del-modelo-mcp,2025-04-14,/2025/04/14/la-guia-definitiva-sobre-el-protocolo-de-contexto-del-modelo-mcp/,A,5,10841,,Software,